date,GDP,Real Consumer Exp,Business Inv,Govt Expenditure,Net Exports,Imports,Exports,CPI,Real Disposable Income,Unemployment Rate,Initial Jobless Claims,Continued Jobless Claims,Personal Savings,Consumer Debt % DI,Credit Card Delinquency,Mortgage Delinquency,Consumer Sentiment,Avg Home Price,Oil Prices,PPI Farm Products,PPI Food Manufacture,PPI Grocery,"Import Index: Food, Feed, Bev",US Population,CPI (Food at Home),CPI (Food away from Home),Grocery Sales,Restaurant Sales,Grocery Units,Restaurant Units
2000-01-01,13878.147,,477.949,3074.397,-380.953,1733.056,1280.897,169.3,9799.9,4.0,1442000,10549000,324.2,5.978188,4.43,1.95,112.0,100.0,27.259473684210523,95.9,126.7,101.6,102.1,281083.0,165.3,167.2,31836.0,19119.0,192.59528130671504,114.34808612440192
2000-02-01,13878.147,,477.949,3074.397,-380.953,1733.056,1280.897,170.0,9837.9,4.1,1175000,8590000,289.4,5.978188,4.43,1.95,111.3,100.571,29.366000000000003,97.5,127.2,106.7,101.7,281299.0,166.1,167.6,32191.0,19736.0,193.80493678506923,117.75656324582339
2000-03-01,13878.147,,477.949,3074.397,-380.953,1733.056,1280.897,171.0,9864.0,4.0,1099000,8316000,276.5,5.978188,4.43,1.95,107.1,101.466,29.84173913043478,100.6,127.4,106.2,101.0,281531.0,166.4,167.9,32834.0,21619.0,197.31971153846152,128.7611673615247
2000-04-01,14130.908,,578.12,3129.768,-394.856,1733.056,1319.937,170.9,9913.7,3.8,1358000,10077000,311.7,6.078356,4.51,1.98,109.2,102.54,25.722105263157896,101.6,128.1,106.3,101.8,281763.0,166.6,168.1,33122.0,21378.0,198.81152460984396,127.1743010113028
2000-05-01,14130.908,,578.12,3129.768,-394.856,1733.056,1319.937,171.2,9954.5,4.0,1129000,7958000,314.7,6.078356,4.51,1.98,110.7,103.702,28.78818181818182,103.7,129.3,103.6,100.3,281996.0,167.4,168.3,32873.0,21897.0,196.37395459976105,130.10695187165774
2000-06-01,14130.908,,578.12,3129.768,-394.856,1733.056,1319.937,172.2,9982.3,4.0,1164000,8113000,318.9,6.078356,4.51,1.98,106.4,104.856,31.82227272727273,100.1,129.4,101.9,99.4,282247.0,167.5,168.6,33427.0,22041.0,199.5641791044776,130.72953736654804
2000-07-01,14145.312,,548.56,3152.254,-424.867,1733.056,1351.623,172.7,10035.9,4.0,1475000,10428000,347.9,6.201877,4.53,2.09,108.3,105.723,29.69684210526316,97.3,129.4,105.8,99.3,282504.0,168.5,169.1,33099.0,22507.0,196.43323442136497,133.09875813128326
2000-08-01,14145.312,,548.56,3152.254,-424.867,1733.056,1351.623,172.7,10098.3,4.1,1251000,8469000,354.7,6.201877,4.53,2.09,107.3,106.523,31.26391304347826,94.6,128.7,101.5,99.6,282769.0,169.0,169.5,33275.0,22254.0,196.89349112426035,131.2920353982301
2000-09-01,14145.312,,548.56,3152.254,-424.867,1733.056,1351.623,173.6,10110.3,3.9,1501000,10598000,306.4,6.201877,4.53,2.09,106.8,107.137,33.884,98.0,128.5,105.1,98.9,283033.0,169.1,170.0,33487.0,21341.0,198.0307510348906,125.53529411764706
2000-10-01,14229.765,,542.902,3210.083,-440.985,1733.056,1338.104,173.9,10139.2,3.9,1204000,8465000,327.0,6.345516,4.57,2.23,105.8,107.73,33.108636363636364,100.3,128.7,103.1,98.9,283285.0,169.0,170.3,33426.0,21599.0,197.7869822485207,126.82912507339988
2000-11-01,14229.765,,542.902,3210.083,-440.985,1733.056,1338.104,174.2,10143.5,3.9,1337000,8845000,323.2,6.345516,4.57,2.23,107.6,108.292,34.417142857142856,101.5,128.8,104.3,97.6,283523.0,169.2,170.4,33700.0,20542.0,199.17257683215132,120.55164319248826
2000-12-01,14229.765,,542.902,3210.083,-440.985,1733.056,1338.104,174.6,10164.3,3.9,1730000,11532000,307.2,6.345516,4.57,2.23,98.4,108.793,28.436500000000002,103.4,129.6,104.7,99.3,283748.0,170.2,170.8,34156.0,21659.0,200.68155111633374,126.80913348946135
2001-01-01,14183.12,,414.895,3280.819,-434.882,1690.4,1321.256,175.6,10211.7,4.2,1360000,9583000,344.7,6.454295,4.81,2.34,94.7,109.215,29.585714285714282,104.5,130.3,104.9,99.1,283960.0,170.4,171.4,33834.0,20201.0,198.556338028169,117.8588098016336
2001-02-01,14183.12,,414.895,3280.819,-434.882,1690.4,1321.256,176.0,10223.4,4.2,1485000,9946000,350.7,6.454295,4.81,2.34,90.6,109.643,29.609473684210528,103.6,130.8,106.9,98.0,284166.0,171.6,171.8,34267.0,20140.0,199.6911421911422,117.22933643771827
2001-03-01,14183.12,,414.895,3280.819,-434.882,1690.4,1321.256,176.1,10254.4,4.3,1936000,12927000,380.1,6.454295,4.81,2.34,91.5,110.394,27.244545454545456,107.3,131.8,108.7,98.9,284380.0,172.1,172.3,34308.0,22777.0,199.34921557234168,132.19384793964016
2001-04-01,14271.694,,384.743,3358.217,-417.386,1690.4,1282.544,176.4,10233.1,4.4,1587000,10789000,369.3,6.595124,4.94,2.41,88.4,111.247,27.49,106.0,132.5,108.5,97.0,284602.0,172.5,172.7,34239.0,21777.0,198.48695652173913,126.0972785176607
2001-05-01,14271.694,,384.743,3358.217,-417.386,1690.4,1282.544,177.3,10214.7,4.3,1578000,11277000,327.9,6.595124,4.94,2.41,92.0,112.202,28.62909090909091,106.8,133.4,108.4,96.6,284834.0,172.8,173.1,34533.0,22996.0,199.84375,132.84806470248412
2001-06-01,14271.694,,384.743,3358.217,-417.386,1690.4,1282.544,177.7,10218.1,4.5,1986000,14737000,327.7,6.595124,4.94,2.41,92.6,113.273,27.59904761904762,105.9,133.7,109.2,95.4,285076.0,173.5,173.6,34582.0,23259.0,199.31988472622479,133.98041474654377
2001-07-01,14214.516,,336.012,3377.367,-444.5,1690.4,1216.869,177.4,10370.7,4.6,1592000,12123000,426.4,6.563462,5.0,2.19,92.4,114.228,26.4247619047619,105.0,134.0,110.6,94.4,285324.0,174.0,174.1,34334.0,23546.0,197.32183908045977,135.2441125789776
2001-08-01,14214.516,,336.012,3377.367,-444.5,1690.4,1216.869,177.4,10543.1,4.9,1592000,12480000,517.4,6.563462,5.0,2.19,91.5,114.989,27.37391304347826,105.5,134.6,109.7,94.5,285584.0,174.4,174.7,34788.0,24052.0,199.4724770642202,137.67601602747567
2001-09-01,14214.516,,336.012,3377.367,-444.5,1690.4,1216.869,178.1,10452.8,5.0,2175000,16311000,539.5,6.563462,5.0,2.19,81.8,115.465,26.199473684210528,105.3,134.5,113.3,95.0,285842.0,174.4,175.1,34768.0,21471.0,199.3577981651376,122.62135922330097
2001-10-01,14253.574,,229.85,3436.53,-469.594,1690.4,1174.568,177.6,10267.7,5.3,1923000,14110000,225.2,6.743693,4.69,2.26,82.7,115.681,22.169565217391302,101.2,134.1,116.1,94.5,286086.0,175.1,175.6,34923.0,22067.0,199.4460308395203,125.66628701594533
2001-11-01,14253.574,,229.85,3436.53,-469.594,1690.4,1174.568,177.5,10279.7,5.5,1790000,14626000,262.3,6.743693,4.69,2.26,83.9,115.837,19.634999999999998,97.3,132.4,111.5,95.2,286315.0,175.1,175.8,35003.0,21522.0,199.90291262135923,122.42320819112628
2001-12-01,14253.574,,229.85,3436.53,-469.594,1690.4,1174.568,177.4,10298.9,5.7,2084000,17947000,286.6,6.743693,4.69,2.26,88.8,116.054,19.388947368421054,96.6,131.7,110.6,94.6,286533.0,174.7,176.0,34912.0,23471.0,199.8397252432742,133.35795454545453
2002-01-01,14372.785,,268.145,3508.647,-490.652,1752.428,1200.226,177.7,10514.7,5.7,1634000,14202000,441.6,6.63772,4.94,2.24,93.0,116.436,19.714761904761904,99.9,131.5,115.0,95.7,286739.0,175.4,176.4,34793.0,21287.0,198.36374002280502,120.67460317460318
2002-02-01,14372.785,,268.145,3508.647,-490.652,1752.428,1200.226,178.0,10531.6,5.7,1596000,14217000,429.0,6.63772,4.94,2.24,90.7,116.916,20.723684210526315,101.8,132.0,113.8,93.8,286935.0,175.7,177.0,34809.0,21222.0,198.11610700056917,119.89830508474576
2002-03-01,14372.785,,268.145,3508.647,-490.652,1752.428,1200.226,178.5,10539.0,5.7,2077000,18054000,440.3,6.63772,4.94,2.24,95.7,117.93,24.531,104.4,132.0,112.6,95.0,287131.0,176.2,177.1,34784.0,23878.0,197.41203178206584,134.82778091473745
2002-04-01,14460.848,,266.56,3554.587,-511.591,1752.428,1235.95,179.3,10574.2,5.9,1717000,14757000,431.9,6.579984,4.78,2.16,93.0,119.209,26.179090909090913,94.3,131.5,114.1,96.0,287343.0,176.7,177.2,34402.0,23153.0,194.6915676287493,130.6602708803612
2002-05-01,14460.848,,266.56,3554.587,-511.591,1752.428,1235.95,179.5,10616.5,5.8,1636000,14848000,495.0,6.579984,4.78,2.16,96.9,120.789,27.041363636363634,96.6,130.9,110.5,97.2,287571.0,175.5,177.6,34722.0,24335.0,197.84615384615384,137.0213963963964
2002-06-01,14460.848,,266.56,3554.587,-511.591,1752.428,1235.95,179.6,10648.2,5.8,1936000,18176000,497.4,6.579984,4.78,2.16,92.4,122.334,25.5185,96.2,131.3,112.7,96.2,287808.0,175.2,178.2,34538.0,24132.0,197.13470319634703,135.42087542087543
2002-07-01,14519.633,,253.738,3598.998,-529.887,1752.428,1239.872,180.0,10621.0,5.8,1544000,14017000,431.2,6.557459,4.89,2.1,88.1,123.688,26.966190476190473,97.9,131.5,111.8,96.9,288051.0,175.3,178.5,34650.0,24514.0,197.66115231032515,137.33333333333334
2002-08-01,14519.633,,253.738,3598.998,-529.887,1752.428,1239.872,180.5,10623.0,5.7,1968000,17584000,424.4,6.557459,4.89,2.1,87.6,124.731,28.385,99.7,131.3,113.3,96.9,288303.0,175.1,178.8,34758.0,25227.0,198.50371216447743,141.09060402684563
2002-09-01,14519.633,,253.738,3598.998,-529.887,1752.428,1239.872,180.8,10633.6,5.7,1638000,14220000,469.0,6.557459,4.89,2.1,86.1,125.495,29.6635,99.8,136.1,115.2,99.7,288554.0,175.4,179.2,34363.0,22477.0,195.91220068415052,125.42968750000001
2002-10-01,14537.58,,238.784,3681.871,-579.938,1752.428,1221.597,181.2,10661.8,5.7,1630000,14223000,459.5,6.499285,4.84,2.0,80.6,126.138,28.836521739130436,99.1,131.6,113.5,100.0,288794.0,175.0,179.6,34739.0,23107.0,198.50857142857143,128.65812917594656
2002-11-01,14537.58,,238.784,3681.871,-579.938,1752.428,1221.597,181.5,10690.9,5.9,1961000,17412000,462.2,6.499285,4.84,2.0,84.2,126.644,26.352105263157895,99.1,131.6,116.0,99.9,289012.0,175.7,179.8,34984.0,22688.0,199.11212293682414,126.18464961067852
2002-12-01,14537.58,,238.784,3681.871,-579.938,1752.428,1221.597,181.8,10719.9,6.0,1657000,13931000,437.7,6.499285,4.84,2.0,86.7,127.152,29.460952380952378,99.1,132.6,114.9,100.2,289214.0,175.9,180.1,34547.0,23954.0,196.40136441159748,133.00388672959468
2003-01-01,14614.141,,232.334,3744.177,-575.852,1842.231,1217.842,182.6,10710.4,5.8,1580000,13658000,435.8,6.482181,4.68,1.97,82.4,127.653,32.94714285714286,104.1,133.9,116.4,101.3,289412.0,176.0,179.9,35322.0,22152.0,200.6931818181818,123.13507504168983
2003-02-01,14614.141,,232.334,3744.177,-575.852,1842.231,1217.842,183.6,10674.0,5.9,1644000,13748000,433.3,6.482181,4.68,1.97,79.9,128.327,35.828421052631576,104.6,134.5,116.5,101.4,289606.0,177.2,180.7,35221.0,21668.0,198.7641083521445,119.9114554510238
2003-03-01,14614.141,,232.334,3744.177,-575.852,1842.231,1217.842,183.9,10696.5,5.9,2137000,17704000,408.0,6.482181,4.68,1.97,77.6,129.308,33.513333333333335,104.0,134.8,113.0,102.6,289809.0,177.5,181.0,35127.0,24696.0,197.8985915492958,136.44198895027625
2003-04-01,14743.567,,226.94,3808.76,-599.854,1842.231,1219.986,183.2,10752.7,6.0,1745000,14519000,413.0,6.446315,4.53,1.83,86.0,130.488,28.170476190476194,105.6,135.1,119.2,102.5,290024.0,177.6,181.1,35218.0,23960.0,198.29954954954957,132.30259525124242
2003-05-01,14743.567,,226.94,3808.76,-599.854,1842.231,1219.986,182.9,10832.0,6.1,2120000,18596000,448.2,6.446315,4.53,1.83,92.1,131.839,28.108571428571427,109.2,135.7,120.7,101.3,290250.0,177.9,181.5,35115.0,26181.0,197.38617200674537,144.2479338842975
2003-06-01,14743.567,,226.94,3808.76,-599.854,1842.231,1219.986,183.1,10860.6,6.3,1687000,14806000,429.3,6.446315,4.53,1.83,89.7,133.225,30.66238095238095,107.3,137.1,118.1,100.7,290484.0,179.2,181.9,35249.0,25364.0,196.70200892857144,139.4392523364486
2003-07-01,14988.782,,254.188,3839.406,-595.026,1842.231,1253.316,183.7,10991.1,6.2,1646000,14465000,500.5,6.359652,4.24,1.73,90.9,134.648,30.754545454545454,105.5,137.0,118.8,101.5,290726.0,179.0,182.3,35632.0,26159.0,199.0614525139665,143.49424026330223
2003-08-01,14988.782,,254.188,3839.406,-595.026,1842.231,1253.316,184.5,11066.7,6.1,2001000,17982000,491.9,6.359652,4.24,1.73,89.3,135.966,31.573809523809523,109.0,137.8,120.0,101.3,290974.0,180.0,182.6,35534.0,27003.0,197.4111111111111,147.88061336254108
2003-09-01,14988.782,,254.188,3839.406,-595.026,1842.231,1253.316,185.1,10940.8,6.1,1582000,14303000,417.4,6.359652,4.24,1.73,87.7,137.077,28.31142857142857,116.1,139.0,115.8,101.8,291222.0,180.5,182.8,35526.0,23839.0,196.81994459833794,130.41028446389495
2003-10-01,15162.76,,300.874,3869.703,-597.382,1842.231,1309.666,184.9,10982.3,6.0,1528000,13945000,431.4,6.371961,4.43,1.76,89.6,137.977,30.338260869565215,124.4,141.8,120.1,101.9,291463.0,181.4,183.3,35520.0,25274.0,195.81036383682468,137.88325150027276
2003-11-01,15162.76,,300.874,3869.703,-597.382,1842.231,1309.666,185.0,11048.4,5.8,1815000,16867000,437.4,6.371961,4.43,1.76,93.7,138.766,31.108333333333334,123.7,141.5,116.9,102.4,291677.0,182.7,183.8,35348.0,24293.0,193.47564313081557,132.170837867247
2003-12-01,15162.76,,300.874,3869.703,-597.382,1842.231,1309.666,185.5,11057.2,5.7,1433000,13081000,432.7,6.371961,4.43,1.76,92.6,139.629,32.12904761904762,124.3,141.1,119.3,103.2,291868.0,183.9,184.3,35277.0,25551.0,191.82707993474713,138.63809007053715
2004-01-01,15248.68,,288.018,3947.702,-621.175,2044.535,1339.286,186.3,11051.2,5.7,1801000,15741000,404.1,6.368558,4.21,1.65,103.8,140.70600000000002,34.31,117.4,139.3,121.3,103.7,292046.0,183.3,184.9,36177.0,24355.0,197.36497545008183,131.71984856679285
2004-02-01,15248.68,,288.018,3947.702,-621.175,2044.535,1339.286,186.7,11071.0,5.6,1443000,12459000,405.1,6.368558,4.21,1.65,94.4,142.028,34.68473684210526,120.4,140.4,125.7,105.3,292230.0,183.7,185.5,35445.0,24469.0,192.95046271094176,131.90835579514825
2004-03-01,15248.68,,288.018,3947.702,-621.175,2044.535,1339.286,187.1,11115.6,5.8,1368000,12185000,397.3,6.368558,4.21,1.65,95.8,144.079,36.74130434782609,129.1,142.4,125.2,105.9,292434.0,184.1,185.8,35951.0,26533.0,195.27973927213472,142.80409041980624
2004-04-01,15366.85,,345.442,3982.852,-670.333,2044.535,1367.358,187.4,11153.3,5.6,1393000,12003000,430.7,6.307107,4.15,1.6,94.2,146.18,36.75,129.6,146.1,123.1,107.2,292651.0,184.3,186.2,36120.0,26228.0,195.98480737927292,140.85929108485502
2004-05-01,15366.85,,345.442,3982.852,-670.333,2044.535,1367.358,188.2,11208.9,5.6,1681000,14878000,432.0,6.307107,4.15,1.6,90.2,148.335,40.275,135.1,149.1,122.2,106.8,292872.0,186.6,186.7,36219.0,27309.0,194.09967845659165,146.27209426888058
2004-06-01,15366.85,,345.442,3982.852,-670.333,2044.535,1367.358,188.9,11215.8,5.6,1396000,11803000,479.7,6.307107,4.15,1.6,95.6,150.519,38.025238095238095,129.7,148.6,122.2,106.9,293103.0,187.0,187.0,36086.0,26742.0,192.97326203208556,143.00534759358288
2004-07-01,15512.619,,365.526,4050.203,-694.004,2044.535,1371.93,189.1,11240.5,5.5,1715000,14585000,426.2,6.329715,4.07,1.56,96.7,152.338,40.77809523809524,124.4,146.5,124.5,107.5,293350.0,187.2,187.8,36352.0,28434.0,194.1880341880342,151.40575079872204
2004-08-01,15512.619,,365.526,4050.203,-694.004,2044.535,1371.93,189.2,11274.6,5.4,1363000,11566000,420.9,6.329715,4.07,1.56,95.9,153.815,44.90318181818182,119.0,144.6,121.0,107.3,293603.0,187.0,188.4,36149.0,27553.0,193.3101604278075,146.24734607218684
2004-09-01,15512.619,,365.526,4050.203,-694.004,2044.535,1371.93,189.8,11279.6,5.4,1349000,11451000,369.8,6.329715,4.07,1.56,94.2,155.108,45.93571428571428,118.7,143.8,121.3,108.7,293857.0,186.4,188.9,36791.0,25698.0,197.37660944206007,136.04023292747485
2004-10-01,15670.88,,392.925,4093.92,-709.543,2044.535,1404.51,190.8,11282.5,5.5,1670000,13890000,352.5,6.258245,4.03,1.41,91.7,156.298,53.28047619047619,119.2,143.5,122.9,110.0,294104.0,187.7,189.4,36656.0,27014.0,195.29035695258392,142.62935586061246
2004-11-01,15670.88,,392.925,4093.92,-709.543,2044.535,1404.51,191.7,11246.1,5.4,1315000,10938000,306.4,6.258245,4.03,1.41,92.8,157.495,48.469,118.0,143.3,125.2,110.3,294337.0,188.6,189.6,36916.0,25362.0,195.7370095440085,133.76582278481013
2004-12-01,15670.88,,392.925,4093.92,-709.543,2044.535,1404.51,191.7,11659.0,5.4,1301000,10876000,580.1,6.258245,4.03,1.41,97.1,158.66899999999998,43.14952380952381,118.4,144.2,128.1,111.5,294561.0,188.4,189.9,37095.0,27812.0,196.89490445859872,146.45602948920484
2005-01-01,15844.727,,440.005,4201.029,-701.438,2177.25,1430.827,191.6,11226.5,5.3,1717000,13619000,247.1,7.303833,3.7,1.42,95.5,160.13,46.837,118.8,144.7,127.4,111.1,294768.0,188.1,190.8,37259.0,25456.0,198.08080808080808,133.41719077568132
2005-02-01,15844.727,,440.005,4201.029,-701.438,2177.25,1430.827,192.4,11229.0,5.4,1247000,10746000,210.6,7.303833,3.7,1.42,94.1,161.925,48.148947368421055,117.6,145.0,130.8,112.2,294955.0,187.7,191.4,37220.0,25479.0,198.29515183803943,133.11912225705328
2005-03-01,15844.727,,440.005,4201.029,-701.438,2177.25,1430.827,193.1,11268.8,5.2,1328000,10638000,230.2,7.303833,3.7,1.42,92.6,164.577,54.186818181818175,123.0,146.0,130.2,115.9,295149.0,188.1,191.7,37346.0,28071.0,198.54332801701224,146.43192488262912
2005-04-01,15922.782,,381.969,4240.85,-697.998,2177.25,1462.813,193.7,11304.2,5.2,1616000,13022000,195.4,7.239296,3.67,1.55,87.7,167.00099999999998,52.97904761904762,120.7,146.3,128.2,115.6,295359.0,190.0,192.1,37666.0,28413.0,198.2421052631579,147.90733992712128
2005-05-01,15922.782,,381.969,4240.85,-697.998,2177.25,1462.813,193.6,11352.7,5.1,1308000,10345000,243.6,7.239296,3.67,1.55,86.9,169.547,49.83380952380952,121.5,147.1,128.7,115.5,295582.0,190.2,192.6,37529.0,29038.0,197.31335436382756,150.76843198338526
2005-06-01,15922.782,,381.969,4240.85,-697.998,2177.25,1462.813,193.7,11375.5,5.0,1303000,10400000,181.9,7.239296,3.67,1.55,96.0,172.018,56.35227272727273,118.3,146.4,132.5,114.1,295824.0,189.6,193.2,37800.0,28741.0,199.36708860759495,148.76293995859214
2005-07-01,16047.587,,384.265,4375.914,-710.398,2177.25,1462.546,194.9,11387.1,5.0,1622000,12976000,128.9,7.258264,3.9,1.59,96.5,174.101,58.99550000000001,116.3,146.3,132.2,113.7,296077.0,190.0,193.6,37654.0,30070.0,198.17894736842106,155.3202479338843
2005-08-01,16047.587,,384.265,4375.914,-710.398,2177.25,1462.546,196.1,11405.3,4.9,1263000,10323000,183.6,7.258264,3.9,1.59,89.1,175.926,64.98521739130435,114.5,146.0,131.3,114.1,296338.0,189.8,194.2,37935.0,29390.0,199.86828240252896,151.33882595262617
2005-09-01,16047.587,,384.265,4375.914,-710.398,2177.25,1462.546,198.8,11365.2,5.0,1531000,10866000,189.1,7.258264,3.9,1.59,76.9,177.613,65.58666666666666,116.8,146.3,132.8,114.2,296606.0,190.2,194.6,38302.0,27392.0,201.37749737118824,140.76053442959918
2005-10-01,16136.734,,456.172,4393.619,-735.145,2177.25,1507.833,199.1,11428.7,5.0,1761000,14017000,216.2,7.306876,3.54,1.64,74.2,178.755,62.260000000000005,115.7,146.7,136.7,115.1,296857.0,190.6,195.2,38177.0,28421.0,200.299055613851,145.59938524590166
2005-11-01,16136.734,,456.172,4393.619,-735.145,2177.25,1507.833,198.1,11500.1,5.0,1269000,10805000,246.3,7.306876,3.54,1.64,81.6,179.676,58.322500000000005,117.5,146.1,138.5,115.6,297089.0,191.4,195.6,38144.0,27113.0,199.28944618599792,138.61451942740285
2005-12-01,16136.734,,456.172,4393.619,-735.145,2177.25,1507.833,198.1,11535.2,4.9,1582000,13197000,237.2,7.306876,3.54,1.64,91.5,180.109,59.411904761904765,121.1,146.2,136.2,117.5,297311.0,191.7,196.0,38528.0,29677.0,200.98069900886804,151.41326530612244
2006-01-01,16353.835,,486.45,4456.559,-720.154,2317.035,1568.985,199.3,11651.8,4.7,1183000,10228000,290.9,7.090829,3.86,1.61,91.2,180.828,65.485,117.4,146.4,136.0,119.2,297526.0,192.5,196.6,37936.0,27775.0,197.07012987012988,141.2767039674466
2006-02-01,16353.835,,486.45,4456.559,-720.154,2317.035,1568.985,199.4,11702.8,4.8,1163000,10029000,310.5,7.090829,3.86,1.61,86.7,181.499,61.631052631578946,111.9,145.1,133.5,116.7,297734.0,192.2,197.2,38565.0,26910.0,200.65036420395424,136.46044624746452
2006-03-01,16353.835,,486.45,4456.559,-720.154,2317.035,1568.985,199.7,11747.5,4.7,1207000,9822000,328.2,7.090829,3.86,1.61,88.9,182.749,62.68521739130435,111.0,145.2,139.2,117.0,297950.0,192.3,197.6,38541.0,30439.0,200.42121684867394,154.04352226720647
2006-04-01,16396.151,,491.531,4508.744,-713.842,2317.035,1598.092,200.7,11744.4,4.7,1518000,12005000,303.9,6.93645,4.13,1.62,87.4,183.648,69.44368421052631,111.3,144.1,135.4,116.2,298170.0,191.8,198.0,38557.0,29626.0,201.0271115745568,149.62626262626262
2006-05-01,16396.151,,491.531,4508.744,-713.842,2317.035,1598.092,201.3,11736.8,4.6,1331000,9535000,284.4,6.93645,4.13,1.62,79.1,184.38,70.84409090909091,109.8,144.7,134.9,118.1,298401.0,191.8,198.7,38903.0,30571.0,202.83107403545358,153.85505787619527
2006-06-01,16396.151,,491.531,4508.744,-713.842,2317.035,1598.092,201.8,11751.9,4.6,1222000,9634000,293.1,6.93645,4.13,1.62,84.9,184.547,70.9509090909091,113.8,146.4,134.1,118.0,298653.0,192.4,199.2,39070.0,30456.0,203.06652806652806,152.89156626506025
2006-07-01,16420.738,,506.393,4557.261,-738.996,2317.035,1596.037,202.9,11746.9,4.7,1594000,12247000,233.7,7.028664,4.12,1.74,84.7,184.608,74.41105263157894,115.5,147.4,135.9,118.1,298910.0,192.8,199.7,39032.0,31009.0,202.44813278008297,155.27791687531297
2006-08-01,16420.738,,506.393,4557.261,-738.996,2317.035,1596.037,203.8,11737.0,4.7,1257000,9865000,251.9,7.028664,4.12,1.74,82.0,184.405,73.04304347826087,118.5,147.5,137.1,120.6,299178.0,193.4,200.2,39359.0,31187.0,203.5108583247156,155.7792207792208
2006-09-01,16420.738,,506.393,4557.261,-738.996,2317.035,1596.037,202.8,11800.1,4.5,1581000,12231000,240.0,7.028664,4.12,1.74,85.4,184.198,63.798,120.3,147.9,137.3,120.9,299452.0,194.3,200.5,39099.0,29583.0,201.2300566134843,147.54613466334163
2006-10-01,16561.866,,475.912,4555.974,-675.46,2317.035,1656.573,201.9,11853.7,4.4,1262000,9785000,237.9,7.052577,3.95,1.92,93.6,184.054,58.89318181818182,123.2,147.6,137.4,121.1,299710.0,194.8,201.1,39622.0,29902.0,203.3983572895277,148.6921929388364
2006-11-01,16561.866,,475.912,4555.974,-675.46,2317.035,1656.573,202.0,11901.9,4.5,1305000,9904000,272.9,7.052577,3.95,1.92,92.1,183.631,59.0825,124.5,149.0,135.4,121.6,299950.0,194.6,201.6,39618.0,28533.0,203.5868448098664,141.5327380952381
2006-12-01,16561.866,,475.912,4555.974,-675.46,2317.035,1656.573,203.1,11958.6,4.4,1620000,12406000,264.0,7.052577,3.95,1.92,91.7,183.229,61.959,127.0,149.8,135.7,122.6,300178.0,194.4,202.2,39793.0,32085.0,204.69650205761317,158.67952522255194
2007-01-01,16611.69,11181.0,470.942,4747.079,-676.588,2376.426,1689.392,203.437,11956.6,4.6,1269000,10097000,242.1,6.978163,3.98,2.08,96.9,182.718,54.50619047619048,127.1,151.6,136.2,124.5,300398.0,195.918,203.171,39875.0,28624.0,203.5290274502598,140.88624852956377
2007-02-01,16611.69,11178.2,470.942,4747.079,-676.588,2376.426,1689.392,204.226,11996.0,4.5,1291000,10277000,283.0,6.978163,3.98,2.08,91.3,182.47,59.27894736842105,137.5,153.8,138.3,124.8,300608.0,197.735,203.909,40302.0,28081.0,203.818241585961,137.71339175808816
2007-03-01,16611.69,11190.7,470.942,4747.079,-676.588,2376.426,1689.392,205.288,12035.1,4.4,1547000,12595000,313.4,6.978163,3.98,2.08,88.4,182.192,60.441818181818185,140.6,155.8,139.5,124.6,300823.0,198.816,204.082,40263.0,32420.0,202.51388218252052,158.8577140561147
2007-04-01,16713.314,11201.5,516.514,4792.841,-663.578,2376.426,1714.981,205.904,12052.8,4.5,1281000,9984000,309.7,6.916833,4.02,2.29,87.1,182.13,63.977,141.3,156.9,140.3,126.3,301045.0,199.25,204.725,40060.0,30715.0,201.05395232120452,150.03052875809013
2007-05-01,16713.314,11218.0,516.514,4792.841,-663.578,2376.426,1714.981,206.755,12059.9,4.4,1217000,9791000,295.0,6.916833,4.02,2.29,88.3,181.884,63.45454545454545,142.7,158.7,142.4,127.4,301278.0,200.237,205.233,40378.0,32387.0,201.65104351343658,157.80600585675793
2007-06-01,16713.314,11218.5,516.514,4792.841,-663.578,2376.426,1714.981,207.234,12053.3,4.6,1576000,12410000,284.1,6.916833,4.02,2.29,85.3,181.54,67.48904761904762,141.8,160.3,140.7,127.8,301528.0,201.151,205.934,40547.0,32605.0,201.5749362419277,158.32742529159827
2007-07-01,16809.587,11252.6,525.852,4859.514,-623.292,2376.426,1768.587,207.603,12066.4,4.7,1253000,10169000,271.0,6.859151,4.41,2.72,90.4,180.99400000000003,74.11761904761904,143.4,160.4,141.2,129.4,301790.0,201.596,206.931,40638.0,32652.0,201.58138058294807,157.79172767734173
2007-08-01,16809.587,11300.1,525.852,4859.514,-623.292,2376.426,1768.587,207.667,12070.9,4.6,1280000,10212000,235.3,6.859151,4.41,2.72,83.4,180.235,72.35608695652174,140.4,160.3,141.4,130.1,302064.0,202.338,207.756,40628.0,33168.0,200.79273295179354,159.64881880667707
2007-09-01,16809.587,11309.6,525.852,4859.514,-623.292,2376.426,1768.587,208.547,12089.6,4.7,1567000,12686000,243.2,6.859151,4.41,2.72,83.4,179.123,79.91473684210526,146.8,160.8,140.3,131.8,302334.0,203.3,208.805,40776.0,30403.0,200.5705853418593,145.60475084408898
2007-10-01,16915.191,11318.6,512.243,4934.382,-560.106,2376.426,1809.181,209.19,12080.4,4.7,1313000,10247000,228.0,6.894569,4.6,3.1,80.9,177.53099999999998,85.7986956521739,148.2,160.7,143.2,133.2,302590.0,204.081,209.275,41019.0,31220.0,200.99372308054157,149.18169872177756
2007-11-01,16915.191,11342.2,512.243,4934.382,-560.106,2376.426,1809.181,210.834,12070.1,4.7,1344000,10467000,201.8,6.894569,4.6,3.1,76.1,175.16299999999998,94.77238095238096,151.0,161.4,143.5,133.4,302834.0,205.119,209.854,41517.0,30186.0,202.40445790004827,143.842862180373
2007-12-01,16915.191,11335.1,512.243,4934.382,-560.106,2376.426,1809.181,211.445,12120.5,5.0,1741000,13560000,254.4,6.894569,4.6,3.1,75.5,173.338,91.687,159.6,162.8,141.8,134.4,303062.0,205.503,210.233,41616.0,32746.0,202.50799258404987,155.76051333520428
2008-01-01,16843.003,11333.2,453.905,4991.989,-540.148,2325.403,1838.024,212.174,12137.1,5.0,1355000,11195000,274.1,6.864136,4.77,3.68,78.4,171.077,92.97047619047619,164.2,165.8,147.6,138.1,303280.0,207.1,211.07,41820.0,29835.0,201.9314340898117,141.35121049888664
2008-02-01,16843.003,11293.9,453.905,4991.989,-540.148,2325.403,1838.024,212.687,12141.8,4.9,1387000,11377000,320.1,6.864136,4.77,3.68,70.8,169.19,95.386,164.4,167.5,145.6,137.8,303494.0,207.854,211.878,41677.0,30346.0,200.51093556053766,143.2239307526029
2008-03-01,16843.003,11322.1,453.905,4991.989,-540.148,2325.403,1838.024,213.448,12145.9,5.1,1817000,14564000,308.0,6.864136,4.77,3.68,69.5,167.90099999999998,105.454,169.6,169.8,145.0,141.8,303707.0,208.093,212.537,41830.0,32729.0,201.01589193293384,153.99201080282492
2008-04-01,16943.291,11340.5,430.746,5366.788,-463.669,2325.403,1892.001,213.942,12100.8,5.0,1438000,11856000,254.4,6.702785,4.9,4.36,62.6,167.31799999999998,112.58045454545454,166.7,171.2,149.0,143.7,303926.0,210.897,213.083,42196.0,31770.0,200.07871140888682,149.09683081240644
2008-05-01,16943.291,11361.6,430.746,5366.788,-463.669,2325.403,1892.001,215.208,12696.2,5.4,1834000,15068000,771.1,6.702785,4.9,4.36,59.8,167.015,125.39761904761905,169.7,174.0,150.0,145.0,304157.0,211.8,213.967,42288.0,34264.0,199.66005665722378,160.1368435319465
2008-06-01,16943.291,11340.7,430.746,5366.788,-463.669,2325.403,1892.001,217.463,12376.6,5.6,1533000,12231000,511.8,6.702785,4.9,4.36,56.4,166.53400000000002,133.88,176.2,176.1,149.5,147.7,304396.0,213.331,215.015,42293.0,32742.0,198.25060586600168,152.27774806408857
2008-07-01,16854.295,11286.0,389.049,5236.25,-442.378,2325.403,1883.563,219.016,12188.7,5.8,1592000,12705000,395.9,6.788641,4.8,5.28,61.2,165.71200000000002,133.3709090909091,174.3,180.3,151.7,149.7,304646.0,216.028,216.376,42552.0,33529.0,196.97446627289057,154.95711169445778
2008-08-01,16854.295,11284.7,389.049,5236.25,-442.378,2325.403,1883.563,218.69,12120.6,6.1,2165000,16890000,334.8,6.788641,4.8,5.28,63.0,164.27700000000002,116.66619047619047,164.7,180.5,153.5,150.4,304903.0,217.449,217.063,42717.0,34186.0,196.44606321482277,157.49344660305994
2008-09-01,16854.295,11209.7,389.049,5236.25,-442.378,2325.403,1883.563,218.877,12149.0,6.1,1856000,14087000,428.3,6.788641,4.8,5.28,70.3,161.912,104.11428571428571,163.5,179.2,151.6,147.9,305158.0,218.757,218.225,42535.0,30522.0,194.43949222196318,139.8648184213541
2008-10-01,16485.35,11192.5,232.842,5452.409,-469.031,2325.403,1772.8,216.995,12240.5,6.5,1901000,14924000,533.1,6.895996,5.64,6.58,57.6,159.16299999999998,76.6086956521739,145.3,176.4,151.9,146.0,305403.0,219.532,219.29,42440.0,32023.0,193.32033598746423,146.0303707419399
2008-11-01,16485.35,11158.2,232.842,5452.409,-469.031,2325.403,1772.8,213.153,12345.9,6.8,2599000,20483000,653.2,6.895996,5.64,6.58,55.3,156.072,57.30947368421053,143.1,173.4,156.2,139.5,305620.0,219.662,220.043,42220.0,30624.0,192.20438673962724,139.17279804401866
2008-12-01,16485.35,11125.8,232.842,5452.409,-469.031,2325.403,1772.8,211.398,12288.8,7.3,2256000,18089000,633.0,6.895996,5.64,6.58,60.1,152.545,41.121818181818185,133.9,171.1,154.4,142.3,305827.0,219.163,220.684,41663.0,32148.0,190.10051879194936,145.67435790542132
2009-01-01,16298.262,11176.3,-12.488,5533.429,-397.483,2031.762,1631.257,211.933,12361.5,7.8,2860000,24306000,646.6,6.861352,6.51,8.01,61.2,149.362,41.71,136.4,170.1,154.1,142.3,306035.0,218.953,221.319,42496.0,30990.0,194.08731554260504,140.02412806853457
2009-02-01,16298.262,11130.5,-12.488,5533.429,-397.483,2031.762,1631.257,212.705,12241.9,8.3,2576000,21188000,581.6,6.861352,6.51,8.01,56.3,147.618,39.08736842105263,132.8,168.7,153.1,137.8,306237.0,217.93,221.968,41772.0,29834.0,191.67622631120085,134.4067613349672
2009-03-01,16298.262,11084.6,-12.488,5533.429,-397.483,2031.762,1631.257,212.495,12242.7,8.7,2637000,23063000,621.0,6.861352,6.51,8.01,57.3,146.514,47.939090909090915,130.6,167.6,159.4,137.0,306438.0,216.949,222.216,41693.0,32771.0,192.17880700072365,147.47362926161932
2009-04-01,16269.145,11068.0,-121.54,5680.717,-304.361,2031.762,1641.991,212.709,12320.0,9.0,2511000,24738000,706.0,6.70505,6.77,8.57,65.1,146.942,49.64666666666666,136.8,168.6,154.6,138.9,306645.0,215.807,222.905,41952.0,31909.0,194.39591857539378,143.15066956775308
2009-05-01,16269.145,11078.1,-121.54,5680.717,-304.361,2031.762,1641.991,213.022,12500.1,9.4,3060000,32628000,859.0,6.70505,6.77,8.57,68.7,148.16899999999998,59.028499999999994,137.8,170.5,156.3,139.2,306863.0,215.064,223.023,42001.0,34109.0,195.2953539411524,152.93938293359878
2009-06-01,16269.145,11081.1,-121.54,5680.717,-304.361,2031.762,1641.991,214.79,12273.2,9.5,2393000,26137000,664.5,6.70505,6.77,8.57,70.8,149.796,69.64090909090909,142.1,171.4,156.7,139.8,307090.0,214.953,223.163,42178.0,32513.0,196.21963871171837,145.6917141282381
2009-07-01,16326.281,11118.1,-147.121,5641.212,-323.978,2031.762,1702.68,214.726,12218.7,9.5,2266000,24556000,584.9,6.679269,6.49,9.47,66.0,150.748,64.15227272727272,131.6,169.7,152.0,138.2,307322.0,214.047,223.345,42131.0,33414.0,196.83060262465722,149.6071100763393
2009-08-01,16326.281,11218.0,-147.121,5641.212,-323.978,2031.762,1702.68,215.445,12194.8,9.6,2796000,30239000,475.7,6.679269,6.49,9.47,65.7,150.668,71.04476190476191,130.1,169.7,151.2,140.0,307570.0,213.769,223.675,42053.0,33169.0,196.7216949136685,148.29104727841735
2009-09-01,16326.281,11114.6,-147.121,5641.212,-323.978,2031.762,1702.68,215.861,12230.6,9.8,2190000,23939000,597.0,6.679269,6.49,9.47,73.5,149.627,69.40809523809523,126.8,169.5,149.9,140.6,307826.0,213.299,224.003,42342.0,30331.0,198.51007271482754,135.40443654772483
2009-10-01,16502.754,11127.1,5.526,5693.132,-328.833,2031.762,1796.464,216.509,12193.2,10.0,2627000,28828000,556.1,6.597484,6.33,10.4,70.6,148.584,75.71545454545455,133.2,168.3,146.5,141.2,308071.0,213.472,224.224,42462.0,31859.0,198.91133263378802,142.08559297845014
2009-11-01,16502.754,11109.4,5.526,5693.132,-328.833,2031.762,1796.464,217.234,12224.4,9.9,1976000,21842000,605.7,6.597484,6.33,10.4,67.4,147.939,77.99,135.5,169.1,145.8,142.6,308289.0,213.383,224.633,42509.0,29921.0,199.21455786074804,133.19948538282443
2009-12-01,16502.754,11177.3,5.526,5693.132,-328.833,2031.762,1796.464,217.347,12280.2,9.9,1942000,20567000,601.2,6.597484,6.33,10.4,72.5,146.666,74.47,141.5,171.2,145.1,143.7,308495.0,213.839,224.789,42734.0,31933.0,199.8419371583294,142.0576629639351
2010-01-01,16582.71,11156.8,54.666,5804.973,-341.829,2295.263,1836.914,217.488,12285.8,9.8,2399000,24195000,624.2,6.375334,5.78,11.49,74.4,145.003,78.32578947368421,142.5,172.2,144.5,145.6,308706.0,214.738,224.916,42690.0,30481.0,198.80039862530154,135.52170588130681
2010-02-01,16582.71,11198.6,54.666,5804.973,-341.829,2295.263,1836.914,217.281,12292.0,9.8,1943000,19175000,591.8,6.375334,5.78,11.49,73.6,143.055,76.38736842105263,142.3,172.4,151.1,145.3,308904.0,214.728,225.081,43396.0,30076.0,202.09753734957712,133.6230068286528
2010-03-01,16582.71,11252.1,54.666,5804.973,-341.829,2295.263,1836.914,217.353,12340.3,9.9,1881000,18927000,589.6,6.375334,5.78,11.49,73.6,143.596,81.20347826086957,150.3,172.6,148.8,147.4,309095.0,215.55,224.991,42963.0,33645.0,199.3180236604036,149.53931490592956
2010-04-01,16743.162,11275.1,144.972,5872.568,-400.796,2295.263,1877.331,217.403,12447.1,9.9,1876000,18912000,670.4,6.139001,5.1,11.08,72.2,145.398,84.29285714285714,149.1,173.6,146.5,149.0,309289.0,215.721,225.276,42845.0,33287.0,198.61302330324818,147.76096876720112
2010-05-01,16743.162,11303.2,144.972,5872.568,-400.796,2295.263,1877.331,217.29,12540.3,9.6,2297000,23374000,730.5,6.139001,5.1,11.08,73.6,147.031,73.7435,150.0,175.8,144.3,151.1,309485.0,215.717,225.573,42931.0,34623.0,199.0153766277113,153.48911438869013
2010-06-01,16743.162,11330.6,144.972,5872.568,-400.796,2295.263,1877.331,217.199,12544.3,9.4,1842000,18333000,707.3,6.139001,5.1,11.08,76.0,147.697,75.3359090909091,141.6,174.6,146.9,148.7,309691.0,215.476,225.797,42587.0,33595.0,197.64150067756967,148.78408481955032
2010-07-01,16872.266,11361.7,255.321,5825.414,-426.795,2295.263,1930.963,217.605,12554.2,9.4,2296000,22643000,690.4,6.069181,4.58,10.65,67.8,147.559,76.31952380952382,146.8,174.6,145.9,149.2,309913.0,215.451,225.71,42725.0,35062.0,198.30495100974235,155.34092419476318
2010-08-01,16872.266,11389.2,255.321,5825.414,-426.795,2295.263,1930.963,217.923,12591.4,9.5,1900000,17845000,703.4,6.069181,4.58,10.65,68.9,146.425,76.59909090909092,148.4,175.3,145.2,152.4,310146.0,215.361,226.422,42920.0,34358.0,199.29327965601945,151.74320516557577
2010-09-01,16872.266,11399.9,255.321,5825.414,-426.795,2295.263,1930.963,218.275,12589.9,9.5,1814000,17871000,696.4,6.069181,4.58,10.65,68.2,144.606,75.24190476190476,154.1,177.3,151.3,153.3,310385.0,216.166,227.075,43314.0,31780.0,200.3737868119871,139.9537597710008
2010-10-01,16960.864,11428.9,234.113,5834.795,-382.601,2295.263,1983.824,219.035,12592.5,9.4,2234000,21817000,673.8,6.012881,4.14,10.32,67.7,143.124,81.89285714285714,157.4,178.2,151.2,156.5,310612.0,216.534,227.287,43167.0,33607.0,199.35437390894734,147.86151429690216
2010-11-01,16960.864,11458.0,234.113,5834.795,-382.601,2295.263,1983.824,219.59,12605.1,9.8,1705000,16782000,660.9,6.012881,4.14,10.32,71.6,141.812,84.25285714285714,162.1,179.4,152.5,160.6,310820.0,217.105,227.512,43760.0,31563.0,201.56145643812903,138.73114385175288
2010-12-01,16960.864,11473.2,234.113,5834.795,-382.601,2295.263,1983.824,220.472,12680.6,9.3,1681000,16400000,718.5,6.012881,4.14,10.32,74.5,140.621,89.14590909090909,166.8,179.8,152.3,162.7,311020.0,217.419,227.722,43830.0,33849.0,201.59231713879652,148.641764959029
2011-01-01,16920.632,11486.0,184.548,5848.011,-377.139,2405.805,2000.839,221.187,12740.1,9.1,2134000,19592000,768.0,5.808322,3.82,10.37,74.2,139.029,89.1705,173.3,181.1,154.5,166.7,311204.0,219.251,228.181,44329.0,31763.0,202.183798477544,139.20089753309873
2011-02-01,16920.632,11482.8,184.548,5848.011,-377.139,2405.805,2000.839,221.898,12776.6,9.0,1606000,15397000,808.8,5.808322,3.82,10.37,77.5,137.724,88.57842105263158,189.8,184.6,156.1,167.7,311373.0,220.732,228.606,44644.0,31977.0,202.25431745283873,139.87821841946405
2011-03-01,16920.632,11522.6,184.548,5848.011,-377.139,2405.805,2000.839,223.046,12742.7,9.0,1624000,15062000,744.4,5.808322,3.82,10.37,67.5,137.779,102.85652173913043,185.1,187.8,155.8,174.9,311551.0,223.193,229.282,44748.0,35968.0,200.49015874153758,156.8723231653597
2011-04-01,17035.114,11508.9,247.597,5906.473,-352.145,2405.805,2034.722,224.093,12721.3,9.1,2103000,18854000,738.9,5.680167,3.65,10.55,69.8,139.153,109.5325,191.1,190.8,153.8,179.2,311740.0,224.098,230.082,45439.0,35427.0,202.76396933484457,153.9755391556054
2011-05-01,17035.114,11495.6,247.597,5906.473,-352.145,2405.805,2034.722,224.806,12705.3,9.0,1690000,15095000,741.0,5.680167,3.65,10.55,74.3,140.689,100.90047619047618,186.0,191.2,154.6,177.9,311935.0,225.295,230.501,45034.0,36626.0,199.88903437714998,158.89735836287045
2011-06-01,17035.114,11522.3,247.597,5906.473,-352.145,2405.805,2034.722,224.806,12756.9,9.1,1673000,14967000,767.9,5.680167,3.65,10.55,71.5,141.942,96.26409090909091,192.6,191.8,156.6,174.8,312147.0,225.857,231.097,45456.0,35886.0,201.26008934857012,155.28544290925456
2011-07-01,17031.313,11542.3,245.333,5852.868,-350.615,2405.805,2062.73,225.395,12805.6,9.0,2063000,18608000,796.9,5.738914,3.45,10.5,63.7,142.341,97.3035,188.4,193.4,155.4,175.8,312372.0,227.178,231.58,45506.0,37246.0,200.30988916180263,160.83426893514118
2011-08-01,17031.313,11535.3,245.333,5852.868,-350.615,2405.805,2062.73,226.106,12799.7,9.0,1638000,14864000,798.9,5.738914,3.45,10.5,55.8,141.783,86.33304347826088,192.2,195.5,160.7,174.4,312605.0,228.492,232.513,45700.0,36459.0,200.0070024333456,156.80413568273602
2011-09-01,17031.313,11554.3,245.333,5852.868,-350.615,2405.805,2062.73,226.597,12781.7,9.0,1671000,14971000,761.9,5.738914,3.45,10.5,59.5,140.16299999999998,85.51523809523809,190.3,196.4,159.5,174.7,312842.0,229.927,233.032,45606.0,34635.0,198.34991105872734,148.6276562875485
2011-10-01,17222.583,11575.1,400.263,5879.568,-366.665,2405.805,2078.364,226.75,12791.9,8.8,2012000,18508000,750.4,5.694596,3.25,10.25,60.8,138.4,86.32238095238095,183.5,194.4,158.2,173.6,313060.0,229.992,233.459,45679.0,35636.0,198.61125604368848,152.64350485524224
2011-11-01,17222.583,11555.7,400.263,5879.568,-366.665,2405.805,2078.364,227.169,12782.7,8.6,1557000,14610000,764.7,5.694596,3.25,10.25,63.7,136.654,97.16047619047619,186.7,194.8,157.8,173.3,313260.0,229.947,234.046,45821.0,33583.0,199.26765732973251,143.48888680003077
2011-12-01,17222.583,11560.9,400.263,5879.568,-366.665,2405.805,2078.364,227.223,12898.5,8.5,1885000,17867000,873.6,5.694596,3.25,10.25,69.9,135.156,98.56285714285715,181.3,194.2,156.3,172.4,313454.0,230.424,234.435,45766.0,36789.0,198.6164635628233,156.9262268859172
2012-01-01,17367.01,11605.5,416.375,5835.721,-353.33,2464.708,2103.747,227.842,12967.5,8.3,1511000,13805000,901.0,5.431997,3.06,10.33,75.0,134.158,100.2735,184.7,194.9,161.7,176.3,313636.0,230.948,235.268,45926.0,34091.0,198.85861752429116,144.90283421459782
2012-02-01,17367.01,11675.8,416.375,5835.721,-353.33,2464.708,2103.747,228.329,13029.6,8.3,1453000,13527000,892.1,5.431997,3.06,10.33,75.3,133.988,102.204,185.7,194.9,164.2,171.4,313811.0,230.612,235.603,45975.0,35042.0,199.36083117964372,148.7332504255039
2012-03-01,17367.01,11660.5,416.375,5835.721,-353.33,2464.708,2103.747,228.807,13066.4,8.2,1833000,16684000,935.9,5.431997,3.06,10.33,76.2,135.857,106.15772727272729,191.1,195.7,164.0,174.4,313993.0,231.051,236.073,46457.0,39045.0,201.06816244032703,165.39375532144717
2012-04-01,17444.525,11671.4,459.453,5825.179,-341.752,2464.708,2124.46,229.187,13116.5,8.2,1527000,13292000,975.7,5.353787,2.92,10.45,76.4,138.463,103.321,187.0,196.0,163.6,174.5,314176.0,231.397,236.695,46542.0,37143.0,201.13484617345947,156.92346690889119
2012-05-01,17444.525,11672.0,459.453,5825.179,-341.752,2464.708,2124.46,228.713,13112.5,8.2,1494000,13312000,972.6,5.353787,2.92,10.45,79.3,141.039,94.65454545454546,185.1,196.6,165.6,173.1,314368.0,231.32,237.262,46536.0,38591.0,201.17586028013142,162.65141489155448
2012-06-01,17444.525,11659.9,459.453,5825.179,-341.752,2464.708,2124.46,228.524,13097.2,8.2,1896000,16622000,973.9,5.353787,2.92,10.45,73.2,143.161,82.30333333333333,184.7,197.1,163.6,171.8,314576.0,231.713,237.839,46554.0,38401.0,200.9123355185078,161.45796105769028
2012-07-01,17469.65,11684.4,437.988,5834.166,-341.978,2464.708,2137.473,228.59,12999.8,8.2,1490000,13223000,860.9,5.461709,2.82,10.48,72.3,144.274,87.8952380952381,193.9,198.2,162.4,170.0,314796.0,231.658,238.337,46631.0,38488.0,201.2924224503363,161.48562749384277
2012-08-01,17469.65,11686.7,437.988,5834.166,-341.978,2464.708,2137.473,229.918,12961.6,8.1,1493000,13225000,823.7,5.461709,2.82,10.48,74.3,144.697,94.13130434782609,199.4,200.6,162.1,169.2,315031.0,231.853,239.057,46735.0,38611.0,201.57168550762768,161.5137812320911
2012-09-01,17469.65,11703.2,437.988,5834.166,-341.978,2464.708,2137.473,231.015,13053.1,7.8,1909000,16572000,895.2,5.461709,2.82,10.48,78.3,144.349,94.51368421052632,200.2,202.1,164.0,171.6,315264.0,231.789,239.565,46820.0,36080.0,201.99405493789612,150.60630726525162
2012-10-01,17489.852,11702.3,394.421,5872.55,-316.566,2464.708,2139.526,231.638,13142.0,7.8,1474000,13105000,980.7,5.348754,2.71,10.03,82.6,143.958,89.4913043478261,198.2,202.4,163.4,171.6,315485.0,232.398,239.742,47101.0,36782.0,202.67386122083667,153.42326334142538
2012-11-01,17489.852,11753.4,394.421,5872.55,-316.566,2464.708,2139.526,231.249,13315.7,7.7,1605000,13305000,1098.7,5.348754,2.71,10.03,82.7,143.95,86.53142857142858,199.8,202.6,165.0,169.6,315692.0,232.883,240.038,46986.0,36087.0,201.7579642996698,150.33869637307424
2012-12-01,17489.852,11758.3,394.421,5872.55,-316.566,2464.708,2139.526,231.221,13642.7,7.9,1795000,15951000,1408.0,5.348754,2.71,10.03,72.9,143.858,87.8595,200.0,201.7,164.9,169.1,315877.0,233.374,240.359,46879.0,38982.0,200.87499035882317,162.18240215677383
2013-01-01,17662.4,11810.6,448.06,5834.315,-303.352,2494.605,2150.631,231.679,12845.5,8.0,1412000,12531000,601.9,5.486138,2.64,9.72,73.8,144.303,94.75666666666667,202.7,200.6,166.2,168.8,316038.0,233.696,240.713,46963.0,36033.0,200.95765438860744,149.69278767661075
2013-02-01,17662.4,11808.6,448.06,5834.315,-303.352,2494.605,2150.631,232.937,12813.9,7.7,1412000,12235000,575.6,5.486138,2.64,9.72,77.6,145.154,95.30894736842104,197.5,200.6,169.1,170.9,316191.0,233.526,240.93,47444.0,35608.0,203.16367342394423,147.79396505208982
2013-03-01,17662.4,11823.8,448.06,5834.315,-303.352,2494.605,2150.631,232.282,12852.1,7.5,1759000,15189000,592.6,5.486138,2.64,9.72,78.6,147.955,92.9385,203.8,200.9,169.5,173.7,316357.0,233.58,241.409,47382.0,40955.0,202.85127151297198,169.64984735448968
2013-04-01,17709.671,11826.4,445.5,5844.61,-319.485,2494.605,2170.131,231.797,12893.4,7.6,1389000,12166000,627.6,5.3884,2.53,9.32,76.4,150.963,92.02136363636363,196.1,200.6,167.0,173.2,316535.0,233.776,242.236,46955.0,38810.0,200.85466429402504,160.21565745801615
2013-05-01,17709.671,11860.1,445.5,5844.61,-319.485,2494.605,2170.131,231.893,12954.2,7.5,1391000,12049000,657.0,5.3884,2.53,9.32,84.5,153.852,94.50954545454546,203.0,201.7,164.9,174.1,316729.0,233.184,242.642,47492.0,40685.0,203.66749005077534,167.67501092143982
2013-06-01,17709.671,11857.7,445.5,5844.61,-319.485,2494.605,2170.131,232.445,12955.7,7.5,1723000,14964000,667.8,5.3884,2.53,9.32,84.1,156.418,95.77250000000001,203.1,202.7,166.0,172.2,316934.0,233.809,243.016,47481.0,39421.0,203.07601503791557,162.21565658228266
2013-07-01,17860.45,11872.3,524.555,5864.29,-318.791,2494.605,2188.712,232.9,12941.8,7.3,1384000,12081000,640.7,5.465767,2.44,8.66,85.1,158.276,104.67090909090908,200.7,203.2,171.1,173.3,317156.0,233.893,243.409,47735.0,39610.0,204.0890492661174,162.7302195070848
2013-08-01,17860.45,11890.3,524.555,5864.29,-318.791,2494.605,2188.712,233.456,12969.6,7.2,1667000,14672000,649.0,5.465767,2.44,8.66,82.1,159.382,106.57272727272726,191.4,202.3,170.0,173.8,317397.0,234.073,243.811,47908.0,40514.0,204.6711923203445,166.16969701941258
2013-09-01,17860.45,11926.1,524.555,5864.29,-318.791,2494.605,2188.712,233.544,13027.5,7.2,1256000,11583000,666.8,5.465767,2.44,8.66,77.5,159.66299999999998,106.2895,188.0,202.4,171.8,174.9,317635.0,234.04,244.036,47970.0,36907.0,204.9649632541446,151.23588323034306
2013-10-01,18016.147,11964.6,539.304,5868.976,-275.552,2494.605,2251.769,233.669,12974.6,7.2,1434000,11714000,580.6,5.581301,2.38,8.29,73.2,159.55,100.53826086956522,186.3,201.0,173.0,176.0,317864.0,234.219,244.35,48130.0,38790.0,205.491441770309,158.74769797421732
2013-11-01,18016.147,12013.7,539.304,5868.976,-275.552,2494.605,2251.769,234.1,12998.9,6.9,1641000,14256000,559.0,5.581301,2.38,8.29,75.1,159.361,93.864,186.0,200.3,168.4,175.0,318076.0,234.144,244.97,48185.0,38475.0,205.79216208828754,157.06004816916357
2013-12-01,18016.147,12024.7,539.304,5868.976,-275.552,2494.605,2251.769,234.719,13019.1,6.7,1384000,11434000,569.8,5.581301,2.38,8.29,82.5,159.279,97.6252380952381,184.8,200.7,167.2,175.9,318276.0,234.318,245.3,48632.0,40147.0,207.54700876586517,163.66490012229923
2014-01-01,17953.974,11985.0,496.912,5904.306,-329.736,2623.351,2230.209,235.288,13079.5,6.6,1307000,11507000,661.2,5.501077,2.32,7.77,81.2,159.366,94.61714285714285,188.6,201.4,168.3,177.0,318464.0,234.722,245.481,48839.0,37121.0,208.07167628087694,151.21740582774228
2014-02-01,17953.974,12039.4,496.912,5904.306,-329.736,2623.351,2230.209,235.547,13148.0,6.7,1341000,11395000,670.5,5.501077,2.32,7.77,81.6,159.86700000000002,100.81736842105263,191.5,202.3,171.7,175.8,318642.0,235.781,246.187,48860.0,36887.0,207.22619719146155,149.83325683322028
2014-03-01,17953.974,12108.3,496.912,5904.306,-329.736,2623.351,2230.209,236.028,13219.9,6.7,1605000,13896000,671.9,5.501077,2.32,7.77,80.0,161.181,100.80380952380953,204.1,205.9,170.9,182.1,318827.0,237.055,246.878,48897.0,42689.0,206.26858745860665,172.91536710439976
2014-04-01,18185.911,12128.1,592.673,5972.949,-339.861,2623.351,2278.387,236.468,13270.2,6.2,1291000,10884000,701.2,5.398766,2.26,7.43,84.1,162.957,102.06904761904761,211.0,210.9,174.8,180.8,319020.0,237.942,247.534,49234.0,40953.0,206.9159711190122,165.44393901443843
2014-05-01,18185.911,12154.5,592.673,5972.949,-339.861,2623.351,2278.387,236.918,13312.9,6.3,1569000,13337000,718.7,5.398766,2.26,7.43,81.9,164.669,102.17714285714285,208.8,211.0,177.7,179.5,319225.0,239.611,247.952,49510.0,43854.0,206.6265739052047,176.86487707298187
2014-06-01,18185.911,12197.1,592.673,5972.949,-339.861,2623.351,2278.387,237.231,13360.4,6.1,1254000,10355000,725.5,5.398766,2.26,7.43,82.5,166.19799999999998,105.7942857142857,205.5,211.8,179.2,176.6,319438.0,239.682,248.445,49832.0,41589.0,207.90881250990898,167.39721065024452
2014-07-01,18406.941,12223.6,632.264,6043.884,-335.386,2623.351,2287.79,237.498,13386.8,6.2,1207000,10134000,723.0,5.416571,2.2,7.06,81.8,167.123,103.58863636363638,199.3,212.9,177.2,178.6,319670.0,240.154,249.21,50050.0,42450.0,208.40793823962957,170.3382689298182
2014-08-01,18406.941,12306.5,632.264,6043.884,-335.386,2623.351,2287.79,237.46,13445.9,6.1,1510000,12524000,695.8,5.416571,2.2,7.06,82.5,167.438,96.53619047619047,191.3,212.9,176.1,179.8,319919.0,240.692,249.801,50236.0,43528.0,208.71487211872434,174.2507035600338
2014-09-01,18406.941,12310.2,632.264,6043.884,-335.386,2623.351,2287.79,237.477,13486.3,5.9,1180000,9791000,726.1,5.416571,2.2,7.06,84.6,167.229,93.21190476190476,193.1,212.6,175.7,180.1,320166.0,241.328,250.57,50413.0,39935.0,208.89826294503746,159.37662130342818
2014-10-01,18500.031,12389.1,620.376,6077.435,-385.286,2623.351,2306.749,237.43,13550.7,5.7,1155000,9693000,707.1,5.485695,2.15,6.5,86.9,166.898,84.39695652173914,191.5,211.8,181.3,182.0,320403.0,241.62,251.1,50636.0,42574.0,209.56874430924591,169.5499800876145
2014-11-01,18500.031,12420.6,620.376,6077.435,-385.286,2623.351,2306.749,236.983,13624.4,5.8,1458000,12044000,744.4,5.485695,2.15,6.5,88.8,166.646,75.78947368421052,196.1,210.0,179.4,180.9,320616.0,241.912,251.987,50667.0,40864.0,209.443930024141,162.16709592161502
2014-12-01,18500.031,12455.1,620.376,6077.435,-385.286,2623.351,2306.749,236.252,13719.1,5.6,1138000,9520000,798.7,5.485695,2.15,6.5,93.6,166.447,59.29045454545455,187.9,208.5,179.8,182.1,320815.0,242.893,252.628,50805.0,44196.0,209.16617605282985,174.94497838719383
2015-01-01,18666.621,12484.7,694.667,6108.636,-443.637,2759.524,2288.491,234.747,13797.7,5.7,1438000,11749000,835.6,5.440548,2.11,6.24,98.1,166.234,47.219,180.7,205.1,182.4,179.0,320997.0,242.553,253.037,50949.0,41784.0,210.05306056820572,165.13000075087834
2015-02-01,18666.621,12514.1,694.667,6108.636,-443.637,2759.524,2288.491,235.342,13848.0,5.5,1205000,9361000,858.9,5.440548,2.11,6.24,95.4,166.614,50.58421052631579,173.2,202.5,183.6,179.2,321164.0,242.598,253.719,51027.0,40337.0,210.33561694655356,158.98296934797946
2015-03-01,18666.621,12551.8,694.667,6108.636,-443.637,2759.524,2288.491,235.976,13811.3,5.4,1136000,9306000,790.5,5.440548,2.11,6.24,93.0,168.074,47.82363636363636,175.5,201.8,180.9,178.0,321344.0,241.633,254.108,50972.0,46307.0,210.9480079293805,182.23353849544287
2015-04-01,18782.243,12574.8,665.704,6059.634,-458.897,2759.524,2294.628,236.222,13842.0,5.4,1144000,9126000,793.7,5.46212,2.12,5.82,95.9,169.959,54.45285714285714,175.8,201.2,181.4,176.4,321538.0,241.106,254.727,50830.0,45094.0,210.8201372010651,177.02874057324115
2015-05-01,18782.243,12612.7,665.704,6059.634,-458.897,2759.524,2294.628,237.001,13865.6,5.6,1370000,11302000,777.4,5.46212,2.12,5.82,90.7,171.84,59.265,179.0,202.6,186.0,176.6,321740.0,241.107,255.322,50928.0,48077.0,211.22572136022595,188.29948065579933
2015-06-01,18782.243,12621.6,665.704,6059.634,-458.897,2759.524,2294.628,237.657,13874.1,5.3,1095000,9095000,772.9,5.46212,2.12,5.82,96.1,173.438,59.819545454545455,181.6,204.6,186.6,175.5,321954.0,241.922,255.846,51137.0,45461.0,211.37804746984565,177.68892224228637
2015-07-01,18857.418,12668.4,639.421,6226.8,-496.2,2759.524,2276.101,238.034,13905.7,5.2,1111000,8979000,757.3,5.552772,2.15,5.39,93.1,174.481,50.90090909090909,178.9,203.5,186.0,175.4,322186.0,242.25,255.905,51301.0,46408.0,211.7688338493292,181.34854731247924
2015-08-01,18857.418,12699.7,639.421,6226.8,-496.2,2759.524,2276.101,238.033,13935.8,5.1,1376000,11270000,756.5,5.552772,2.15,5.39,91.9,174.92,42.86761904761905,178.2,203.5,185.9,175.9,322427.0,242.864,256.449,51214.0,46225.0,210.87522234666315,180.25026418508162
2015-09-01,18857.418,12707.2,639.421,6226.8,-496.2,2759.524,2276.101,237.498,13972.2,5.0,1078000,8972000,784.3,5.552772,2.15,5.39,87.2,175.025,45.47952380952381,170.7,201.4,187.4,174.7,322670.0,243.198,257.83,51114.0,43024.0,210.17442577652776,166.8696427878835
2015-10-01,18892.206,12715.9,591.647,6247.224,-507.13,2759.524,2273.012,237.733,13996.9,5.0,1335000,11038000,796.9,5.712078,2.16,5.11,90.0,175.02900000000002,46.22363636363636,167.1,199.5,189.5,172.9,322901.0,243.284,258.363,50985.0,45883.0,209.56988540142385,177.5912185568367
2015-11-01,18892.206,12737.0,591.647,6247.224,-507.13,2759.524,2273.012,238.017,13993.4,5.1,1074000,8834000,770.5,5.712078,2.16,5.11,91.3,175.11900000000003,42.4435,164.4,198.1,188.1,172.6,323113.0,242.606,258.805,51259.0,43128.0,211.2849640981674,166.64283920326113
2015-12-01,18892.206,12777.3,591.647,6247.224,-507.13,2759.524,2273.012,237.761,14060.2,5.0,1084000,8815000,792.3,5.712078,2.16,5.11,92.6,175.092,37.18863636363636,160.4,195.1,193.8,172.4,323318.0,241.88,259.097,51053.0,47365.0,211.0674714734579,182.8079831105725
2016-01-01,19001.69,12798.7,528.095,6313.945,-510.318,2799.72,2266.512,237.652,14121.1,4.8,1398000,11038000,834.8,5.672469,2.15,4.79,92.0,175.016,31.683157894736844,166.5,193.4,193.0,173.8,323509.0,241.558,259.958,51323.0,43571.0,212.46657117545269,167.60784434408635
2016-02-01,19001.69,12884.0,528.095,6313.945,-510.318,2799.72,2266.512,237.336,14135.3,4.9,1067000,8802000,768.3,5.672469,2.15,4.79,91.7,175.263,30.323,163.6,194.3,191.5,171.0,323687.0,241.741,260.319,51245.0,44624.0,211.98307279278234,171.42044952538998
2016-03-01,19001.69,12836.1,528.095,6313.945,-510.318,2799.72,2266.512,238.08,14135.4,5.0,1053000,8669000,821.3,5.672469,2.15,4.79,91.0,176.58599999999998,37.54636363636364,161.9,194.1,191.9,170.4,323871.0,240.414,260.883,50893.0,48553.0,211.68900313625664,186.11024865552758
2016-04-01,19062.709,12870.2,499.232,6317.603,-496.323,2799.72,2284.053,238.992,14106.2,5.1,1330000,10745000,765.2,5.698551,2.21,4.58,89.0,178.481,40.7552380952381,158.9,194.8,193.6,172.7,324061.0,240.341,261.517,51494.0,48373.0,214.25391423019792,184.9707667187984
2016-05-01,19062.709,12891.2,499.232,6317.603,-496.323,2799.72,2284.053,239.557,14095.5,4.8,1098000,8679000,732.0,5.698551,2.21,4.58,94.7,180.329,46.712380952380954,162.7,195.7,195.0,173.3,324260.0,239.348,262.074,51671.0,49117.0,215.88231361866403,187.41653120874255
2016-06-01,19062.709,12948.6,499.232,6317.603,-496.323,2799.72,2284.053,240.222,14104.9,4.9,1061000,8627000,682.3,5.698551,2.21,4.58,93.5,181.901,48.75727272727273,166.7,197.5,193.9,172.3,324476.0,238.763,262.529,51987.0,47334.0,217.73474114498478,180.30008113389377
2016-07-01,19197.938,12972.2,491.415,6406.46,-479.531,2799.72,2321.136,240.101,14160.1,4.8,1297000,10673000,709.5,5.778718,2.29,4.38,90.0,183.004,44.6515,160.8,197.3,193.8,177.6,324697.0,238.38,263.051,51685.0,48817.0,216.8176860474872,185.57998258892763
2016-08-01,19197.938,12986.1,491.415,6406.46,-479.531,2799.72,2321.136,240.545,14176.7,4.9,1054000,8580000,714.4,5.778718,2.29,4.38,89.8,183.642,44.72434782608696,152.9,196.2,191.7,180.0,324924.0,238.133,263.649,51926.0,47920.0,218.05461653781708,181.75680544966983
2016-09-01,19197.938,13020.9,491.415,6406.46,-479.531,2799.72,2321.136,241.176,14209.1,5.0,1006000,8438000,716.0,5.778718,2.29,4.38,91.2,183.929,45.18238095238095,149.2,196.1,192.5,180.8,325155.0,237.88,264.102,52284.0,45692.0,219.79149150832353,173.00891322292145
2016-10-01,19304.352,13014.9,548.307,6454.322,-537.183,2799.72,2303.823,241.741,14235.4,4.9,1279000,10363000,745.1,5.880476,2.37,4.14,87.2,183.998,49.775238095238095,140.7,194.6,191.7,179.6,325368.0,237.714,264.459,52546.0,47270.0,221.04714068165947,178.74226250571922
2016-11-01,19304.352,13036.8,548.307,6454.322,-537.183,2799.72,2303.823,242.026,14273.6,4.7,983000,8179000,759.0,5.880476,2.37,4.14,93.8,184.208,45.66095238095238,147.6,193.4,191.9,182.2,325562.0,237.438,264.699,52570.0,45581.0,221.40516682249682,172.19936607240678
2016-12-01,19304.352,13128.5,548.307,6454.322,-537.183,2799.72,2303.823,242.637,14313.7,4.7,1261000,10242000,706.5,5.880476,2.37,4.14,98.2,184.38,51.9704761904762,153.1,194.5,192.4,179.3,325742.0,237.147,265.104,52953.0,49559.0,223.29188225024984,186.941728529181
2017-01-01,19398.343,13136.3,505.484,6497.531,-525.099,2931.589,2359.904,243.618,14373.7,4.7,976000,8324000,762.6,5.74436,2.4,3.91,98.5,184.634,52.504,156.1,195.2,193.2,177.0,325901.0,237.072,266.079,53003.0,45897.0,223.57342916919754,172.4938833955329
2017-02-01,19398.343,13143.4,505.484,6497.531,-525.099,2931.589,2359.904,244.006,14416.8,4.6,921000,8239000,800.6,5.74436,2.4,3.91,96.3,185.002,53.46842105263158,160.3,195.5,193.8,178.2,326050.0,237.824,266.626,53421.0,45364.0,224.62409176533907,170.1409464943404
2017-03-01,19398.343,13201.7,505.484,6497.531,-525.099,2931.589,2359.904,243.892,14476.3,4.4,935000,8070000,803.7,5.74436,2.4,3.91,96.9,186.512,49.32782608695652,162.8,196.7,195.4,177.9,326207.0,238.387,267.055,53848.0,51845.0,225.8848007651424,194.13603939263447
2017-04-01,19506.949,13206.1,549.561,6527.353,-544.566,2931.589,2367.862,244.193,14509.3,4.4,1139000,9777000,827.3,5.787621,2.49,3.68,97.0,188.526,51.060526315789474,165.5,197.2,195.9,178.5,326371.0,238.568,267.652,53979.0,50245.0,226.26253311424833,187.72510573431174
2017-05-01,19506.949,13214.5,549.561,6527.353,-544.566,2931.589,2367.862,244.004,14610.7,4.4,956000,7585000,914.7,5.787621,2.49,3.68,97.1,190.521,48.47636363636364,167.3,198.9,193.9,180.2,326548.0,238.893,268.128,53988.0,51829.0,225.9923898984064,193.2994689103712
2017-06-01,19506.949,13256.7,549.561,6527.353,-544.566,2931.589,2367.862,244.163,14618.7,4.3,992000,7667000,874.2,5.787621,2.49,3.68,95.0,192.245,45.177727272727275,167.6,201.3,194.2,182.1,326743.0,238.494,268.225,53879.0,51013.0,225.91344017040262,190.18734271600334
2017-07-01,19660.766,13290.1,580.906,6635.02,-541.784,2931.589,2381.788,244.243,14660.2,4.3,1254000,9636000,882.1,5.841377,2.54,3.64,93.4,193.489,46.630526315789474,169.4,200.3,193.1,181.9,326939.0,238.904,268.649,53867.0,51173.0,225.47550480527744,190.4827488656202
2017-08-01,19660.766,13291.7,580.906,6635.02,-541.784,2931.589,2381.788,245.183,14678.3,4.4,991000,7694000,902.4,5.841377,2.54,3.64,96.8,194.322,48.03695652173913,158.2,200.3,193.1,182.2,327140.0,238.804,269.522,54159.0,50943.0,226.7926835396392,189.0123997298922
2017-09-01,19660.766,13364.4,580.906,6635.02,-541.784,2931.589,2381.788,246.435,14706.0,4.3,1362000,9464000,864.6,5.841377,2.54,3.64,95.1,194.792,49.822,156.1,198.5,196.9,185.4,327342.0,238.852,270.353,54793.0,48447.0,229.40147036658684,179.19904717166074
2017-10-01,19882.352,13377.0,605.796,6693.791,-561.864,2931.589,2443.487,246.626,14748.6,4.2,969000,7611000,887.7,5.87373,2.48,3.57,100.7,195.058,51.57772727272727,156.3,198.0,194.9,184.6,327528.0,239.02,270.658,54927.0,49408.0,229.800853485064,182.54771704512706
2017-11-01,19882.352,13450.3,605.796,6693.791,-561.864,2931.589,2443.487,247.284,14771.1,4.2,991000,7854000,831.9,5.87373,2.48,3.57,98.5,195.424,56.63857142857143,161.6,196.9,193.0,182.7,327699.0,238.94,271.152,54923.0,47580.0,229.86105298401273,175.47353513896266
2017-12-01,19882.352,13555.4,605.796,6693.791,-561.864,2931.589,2443.487,247.805,14797.9,4.1,1213000,9855000,748.0,5.87373,2.48,3.57,95.9,195.821,57.8815,160.5,196.6,190.3,181.0,327848.0,239.371,271.811,55629.0,53037.0,232.39657268424327,195.12455345810142
2018-01-01,20044.077,13541.3,638.473,6788.117,-558.487,3049.962,2459.308,248.859,14886.6,4.0,941000,7918000,854.7,5.72051,2.5,3.48,95.7,196.092,63.698571428571434,160.6,196.6,195.0,182.3,327969.0,239.854,272.772,55026.0,47333.0,229.41456052431894,173.5258750898186
2018-02-01,20044.077,13547.3,638.473,6788.117,-558.487,3049.962,2459.308,249.529,14921.1,4.1,884000,7897000,885.2,5.72051,2.5,3.48,99.7,196.883,62.22947368421052,162.3,197.2,199.8,184.4,328085.0,239.187,273.435,55294.0,47095.0,231.17477120412062,172.23471757456068
2018-03-01,20044.077,13586.5,638.473,6788.117,-558.487,3049.962,2459.308,249.577,14974.8,4.0,1129000,9727000,900.8,5.72051,2.5,3.48,101.4,198.549,62.724761904761905,169.1,198.9,199.9,182.7,328219.0,239.149,273.733,55452.0,54782.0,231.87218010529,200.12932309951668
2018-04-01,20150.476,13598.7,606.634,6899.997,-549.033,3049.962,2472.656,250.227,15007.2,4.0,886000,7510000,919.9,5.71408,2.5,3.22,98.8,200.587,66.25380952380952,163.7,199.4,197.2,182.2,328364.0,239.541,274.393,55584.0,51700.0,232.04378373639585,188.415885244886
2018-05-01,20150.476,13640.5,606.634,6899.997,-549.033,3049.962,2472.656,250.792,15057.8,3.8,885000,7022000,927.3,5.71408,2.5,3.22,98.0,202.423,69.97818181818182,167.9,201.1,202.4,182.9,328521.0,238.884,275.307,55630.0,55395.0,232.8745332462618,201.2117381686626
2018-06-01,20150.476,13653.7,606.634,6899.997,-549.033,3049.962,2472.656,251.018,15119.3,4.0,1113000,8397000,972.6,5.71408,2.5,3.22,98.2,204.015,67.87333333333333,166.2,200.2,201.5,178.0,328692.0,239.048,275.808,55480.0,55556.0,232.087279542184,201.42998027613413
2018-07-01,20276.154,13682.7,707.824,6987.389,-622.384,3049.962,2441.791,251.214,15184.7,3.8,838000,6616000,1004.3,5.706164,2.52,2.99,97.9,204.925,70.98142857142857,161.0,198.8,199.2,175.3,328863.0,239.565,276.125,55787.0,55840.0,232.86790641370817,202.22725215029425
2018-08-01,20276.154,13711.5,707.824,6987.389,-622.384,3049.962,2441.791,251.663,15238.6,3.8,834000,6456000,1027.5,5.706164,2.52,2.99,96.2,205.303,68.05565217391305,152.7,197.7,202.0,176.2,329040.0,239.795,276.648,55670.0,56029.0,232.15663379136348,202.52812237934123
2018-09-01,20276.154,13687.1,707.824,6987.389,-622.384,3049.962,2441.791,252.182,15237.5,3.7,1026000,7755000,1053.7,5.706164,2.52,2.99,100.1,205.35,70.2321052631579,149.7,197.1,199.5,179.7,329216.0,239.967,277.258,55972.0,50923.0,233.24873836819228,183.66647671122206
2018-10-01,20304.874,13727.1,703.69,7070.96,-644.254,3049.962,2451.936,252.772,15274.1,3.8,852000,6371000,1053.7,5.750987,2.54,2.83,98.6,205.345,70.74869565217391,153.4,197.4,207.4,183.1,329379.0,239.558,277.513,56146.0,52322.0,234.37330416851034,188.5389152940583
2018-11-01,20304.874,13800.3,703.69,7070.96,-644.254,3049.962,2451.936,252.594,15315.2,3.8,901000,6740000,1021.3,5.750987,2.54,2.83,97.5,205.083,56.963499999999996,158.0,197.2,201.5,180.1,329527.0,240.227,278.306,56317.0,50429.0,234.43243265744482,181.1998304025066
2018-12-01,20304.874,13682.3,703.69,7070.96,-644.254,3049.962,2451.936,252.767,15506.5,3.9,1123000,8748000,1338.9,5.750987,2.54,2.83,98.3,204.672,49.522777777777776,165.9,198.0,198.3,180.3,329659.0,241.137,279.419,56331.0,54567.0,233.6057925577576,195.28736413772864
2019-01-01,20431.641,13721.7,715.363,7216.717,-619.366,3085.859,2474.928,252.561,15536.3,4.0,891000,7118000,1332.5,5.658186,2.54,2.69,91.2,204.173,51.37571428571429,161.7,198.3,198.2,179.6,329766.0,241.581,280.38,57229.0,49445.0,236.89362987983327,176.34995363435337
2019-02-01,20431.641,13728.5,715.363,7216.717,-619.366,3085.859,2474.928,253.319,15560.4,3.8,890000,7206000,1353.7,5.658186,2.54,2.69,93.8,204.398,54.95473684210527,160.6,198.8,204.5,179.6,329862.0,242.111,281.373,56043.0,49162.0,231.4764715357832,174.72181055040818
2019-03-01,20431.641,13824.8,715.363,7216.717,-619.366,3085.859,2474.928,254.277,15566.5,3.8,1059000,8901000,1263.7,5.658186,2.54,2.69,98.4,205.745,58.151428571428575,160.4,199.4,206.2,179.0,329977.0,242.482,281.887,57133.0,57230.0,235.617489133214,203.02461624693584
2019-04-01,20602.275,13825.9,717.868,7298.921,-649.034,3085.859,2462.392,255.233,15534.2,3.7,839000,6666000,1225.4,5.693595,2.59,2.6,97.2,207.66,63.862380952380946,162.9,201.1,205.5,184.1,330103.0,241.219,282.798,57386.0,54723.0,237.89999958543896,193.50561177943266
2019-05-01,20602.275,13877.1,717.868,7298.921,-649.034,3085.859,2462.392,255.296,15532.4,3.6,874000,6512000,1166.7,5.693595,2.59,2.6,100.0,209.324,60.82681818181818,161.5,202.0,204.3,182.6,330240.0,241.642,283.394,57385.0,58681.0,237.47941169167612,207.06507547795647
2019-06-01,20602.275,13924.1,717.868,7298.921,-649.034,3085.859,2462.392,255.213,15562.1,3.6,1126000,8155000,1142.3,5.693595,2.59,2.6,98.2,210.558,54.657500000000006,165.8,202.2,204.7,179.9,330393.0,241.214,284.316,57759.0,57911.0,239.4512756307677,203.68533603455313
2019-07-01,20843.322,13989.9,711.357,7393.724,-634.972,3085.859,2462.912,255.802,15581.4,3.7,834000,6524000,1093.5,5.749374,2.6,2.44,98.4,211.307,57.35809523809524,164.2,202.0,202.7,179.1,330553.0,240.988,284.891,58273.0,58456.0,241.80872076617922,205.18724705238142
2019-08-01,20843.322,14043.6,711.357,7393.724,-634.972,3085.859,2462.912,256.036,15664.3,3.6,1055000,8098000,1122.6,5.749374,2.6,2.44,89.8,211.666,54.80590909090909,156.8,202.2,203.4,178.2,330729.0,240.943,285.507,58398.0,59213.0,242.37267735522508,207.39596577316843
2019-09-01,20843.322,14066.2,711.357,7393.724,-634.972,3085.859,2462.912,256.43,15697.5,3.5,838000,6324000,1135.7,5.749374,2.6,2.44,93.2,211.846,56.947,151.5,202.2,205.2,176.8,330904.0,241.409,286.246,57858.0,53997.0,239.6679494136507,188.63844385598404
2019-10-01,20985.448,14067.2,627.364,7489.057,-561.926,3085.859,2477.908,257.155,15718.1,3.6,849000,6474000,1154.2,5.80925,2.61,2.34,95.5,211.942,53.96304347826087,161.1,201.8,205.7,176.3,331066.0,241.999,286.791,57677.0,55928.0,238.33569560204793,195.01309315843244
2019-11-01,20985.448,14142.8,627.364,7489.057,-561.926,3085.859,2477.908,257.879,15766.9,3.6,1122000,8426000,1127.6,5.80925,2.61,2.34,96.8,212.083,57.048947368421054,165.6,203.2,206.5,175.6,331213.0,242.726,287.255,57854.0,54579.0,238.35106251493454,190.00191467511445
2019-12-01,20985.448,14165.7,627.364,7489.057,-561.926,3085.859,2477.908,258.63,15683.8,3.6,944000,7078000,1020.1,5.80925,2.61,2.34,99.3,212.216,59.81666666666667,166.3,203.0,205.0,177.7,331345.0,242.887,288.078,58232.0,57994.0,239.74934846245372,201.31353314033007
2020-01-01,20693.238,14217.4,494.258,7547.32,-557.833,2808.766,2371.835,259.127,15857.3,3.6,862000,7201000,1160.7,5.673133,2.7,2.35,99.8,212.374,57.519047619047626,169.5,202.4,209.4,178.6,331443.0,243.511,289.137,57585.0,54454.0,236.4780235800436,188.33286642664203
2020-02-01,20693.238,14191.1,494.258,7547.32,-557.833,2808.766,2371.835,259.25,15916.8,3.5,1051000,8851000,1253.8,5.673133,2.7,2.35,101.0,213.192,50.54263157894737,160.8,200.9,213.1,180.7,331525.0,244.2,289.781,57675.0,55456.0,236.1793611793612,191.3721051414689
2020-03-01,20693.238,13249.3,494.258,7547.32,-557.833,2808.766,2371.835,258.076,15704.9,4.4,9341000,14839000,2032.2,5.673133,2.7,2.35,89.1,215.166,29.207727272727276,157.5,201.0,217.3,178.9,331667.0,245.017,290.216,73890.0,42756.0,301.57091140614733,147.32475121978112
2020-04-01,19056.617,11786.8,8.609,10844.54,-557.937,2808.766,1870.98,256.032,18030.2,14.8,18653000,68128000,5981.6,4.711226,2.44,2.54,71.8,217.21,16.547619047619047,140.4,201.7,219.2,176.1,331750.0,251.063,290.639,63861.0,28025.0,254.36245085894777,96.4254625153541
2020-05-01,19056.617,12755.2,8.609,10844.54,-557.937,2808.766,1870.98,255.802,17114.4,13.2,10867000,101632000,4047.3,4.711226,2.44,2.54,72.3,218.457,28.5625,148.8,216.3,215.1,179.2,331751.0,253.23,291.709,64320.0,40524.0,253.99834142874067,138.91926543233154
2020-06-01,19056.617,13473.5,8.609,10844.54,-557.937,2808.766,1870.98,257.042,17047.5,11.0,5961000,70714000,3260.5,4.711226,2.44,2.54,78.1,219.782,38.307272727272725,151.4,204.4,208.9,178.6,331795.0,254.674,293.219,63073.0,49501.0,247.66171654742925,168.81921021489057
2020-07-01,20548.793,13682.1,503.914,9810.056,-730.558,2808.766,2104.963,258.352,17195.8,10.2,5534000,66252000,3206.8,4.845571,1.99,2.83,72.5,221.538,40.710454545454546,151.4,202.1,214.5,176.9,331861.0,252.003,294.599,63224.0,52446.0,250.88590215195853,178.0250442126416
2020-08-01,20548.793,13783.9,503.914,9810.056,-730.558,2808.766,2104.963,259.316,16524.8,8.4,4612000,70067000,2406.2,4.845571,1.99,2.83,74.1,224.018,42.33904761904762,149.0,201.5,216.1,178.0,331936.0,252.148,295.437,62124.0,53825.0,246.3791106810286,182.18774222592296
2020-09-01,20548.793,13973.0,503.914,9810.056,-730.558,2808.766,2104.963,259.997,16616.5,7.8,3407000,47297000,2294.3,4.845571,1.99,2.83,80.4,226.77,39.63428571428571,157.0,201.8,208.9,180.0,332017.0,251.166,297.08,62045.0,51709.0,247.0278620513923,174.057492931197
2020-10-01,20771.691,14013.4,550.615,8560.619,-807.391,2808.766,2233.569,260.319,16552.9,6.9,3977000,39357000,2193.9,4.996644,2.1,2.75,81.8,229.782,39.39590909090909,169.9,203.2,213.8,179.9,332092.0,251.641,297.893,61697.0,54091.0,245.17864735873727,181.5786205113917
2020-11-01,20771.691,13977.9,550.615,8560.619,-807.391,2808.766,2233.569,260.911,16350.6,6.7,3005000,23793000,2032.7,4.996644,2.1,2.75,76.9,232.287,40.93736842105263,173.0,205.0,211.9,175.9,332129.0,251.365,298.253,62550.0,48056.0,248.84132635808484,161.12495096444965
2020-12-01,20771.691,14032.9,550.615,8560.619,-807.391,2808.766,2233.569,262.045,16391.2,6.7,3347000,21538000,2038.0,4.996644,2.1,2.75,80.7,234.335,47.025,166.3,204.6,208.8,176.2,332113.0,252.536,299.369,62379.0,48841.0,247.01032724047263,163.14648477297246
2021-01-01,21058.379,14221.4,485.832,11186.668,-866.766,3220.838,2235.418,262.639,18146.5,6.4,4139000,24723000,3693.0,4.305925,1.89,2.68,79.0,236.406,52.008421052631576,178.8,205.0,213.2,179.4,332058.0,252.588,300.382,63220.0,49817.0,250.28900818724563,165.84549007596993
2021-02-01,21058.379,14078.8,485.832,11186.668,-866.766,3220.838,2235.418,263.573,16633.9,6.2,3020000,17727000,2239.0,4.305925,1.89,2.68,76.8,239.185,59.04631578947369,182.5,208.6,213.1,181.8,332034.0,252.945,300.54,63560.0,47044.0,251.27992251279923,156.53157649564116
2021-03-01,21058.379,14685.5,485.832,11186.668,-866.766,3220.838,2235.418,264.847,20445.8,6.1,2677000,15901000,5671.7,4.305925,1.89,2.68,84.9,244.182,62.333043478260876,184.3,211.8,213.9,185.7,332074.0,253.136,300.897,63736.0,60639.0,251.78560141583972,201.52743297540354
2021-04-01,21389.005,14791.6,390.742,9616.591,-911.456,3220.838,2253.207,266.625,17335.4,6.1,2356000,15152000,2236.0,4.66461,1.59,2.48,88.3,249.79,61.71666666666666,192.8,217.7,216.7,190.1,332140.0,254.204,301.819,64264.0,62325.0,252.80483391292032,206.49793419234706
2021-05-01,21389.005,14748.9,390.742,9616.591,-911.456,3220.838,2253.207,268.404,16836.3,5.8,2346000,18108000,1750.8,4.66461,1.59,2.48,82.9,255.415,65.1695,211.7,223.9,211.2,189.7,332212.0,254.972,303.481,64916.0,67178.0,254.60050515350704,221.3581739878279
2021-06-01,21389.005,14886.8,390.742,9616.591,-911.456,3220.838,2253.207,270.71,16757.8,5.9,1639000,13197000,1523.5,4.66461,1.59,2.48,85.5,261.137,71.37818181818182,207.0,228.9,211.4,193.2,332299.0,257.066,305.634,65854.0,67027.0,256.1754568865583,219.30478938861512
2021-07-01,21571.421,14851.6,518.726,9268.372,-971.966,3220.838,2258.262,271.965,16867.8,5.4,1850000,15054000,1688.1,4.738679,1.53,2.3,81.2,265.471,72.4852380952381,201.463,225.335,210.333,194.4,332455.0,258.4,308.023,65495.0,70688.0,253.4636222910217,229.48935631430118
2021-08-01,21571.421,14943.5,518.726,9268.372,-971.966,3220.838,2258.262,272.752,16832.4,5.1,1440000,11145000,1557.5,4.738679,1.53,2.3,70.3,268.743,67.73045454545455,202.896,229.188,216.455,195.6,332644.0,259.572,309.336,67212.0,67432.0,258.93393740465075,217.98950009051646
2021-09-01,21571.421,14977.9,518.726,9268.372,-971.966,3220.838,2258.262,273.942,16641.8,4.7,1422000,10892000,1315.7,4.738679,1.53,2.3,72.8,271.391,71.64619047619047,197.868,231.889,217.862,198.4,332805.0,262.346,310.996,67408.0,63467.0,256.94312091665205,204.07657976308377
2021-10-01,21960.388,15079.2,784.187,8877.427,-996.019,3220.838,2390.257,276.528,16648.1,4.5,1424000,11800000,1217.0,4.823878,1.57,2.29,71.7,273.596,81.47666666666666,197.416,229.355,220.918,200.0,332961.0,265.084,313.592,67847.0,66592.0,255.94528526806596,212.35235592744715
2021-11-01,21960.388,15113.7,784.187,8877.427,-996.019,3220.838,2390.257,278.824,16598.3,4.2,946000,7694000,1136.5,4.823878,1.57,2.29,67.4,275.962,79.14750000000001,206.125,229.493,220.922,199.8,333117.0,267.315,315.481,67923.0,62583.0,254.0934852140733,198.3732776300316
2021-12-01,21960.388,15067.9,784.187,8877.427,-996.019,3220.838,2390.257,280.806,16525.4,3.9,865000,6866000,1119.6,4.823878,1.57,2.29,70.6,278.536,71.71181818181819,213.525,229.617,222.52,200.4,333260.0,268.962,317.372,68462.0,67098.0,254.54153374826186,211.41751635304942
2022-01-01,21903.85,15093.0,851.221,8404.103,-1132.084,3497.605,2362.172,282.542,16143.2,4.0,1188000,8506000,663.3,4.862815,1.69,2.09,67.2,281.914,83.22200000000001,220.224,234.274,230.005,207.0,333360.0,271.278,319.471,68921.0,60045.0,254.06041035395424,187.95133204578818
2022-02-01,21903.85,15101.9,851.221,8404.103,-1132.084,3497.605,2362.172,284.525,16143.0,3.8,878000,6525000,657.7,4.862815,1.69,2.09,62.8,287.134,91.64105263157894,230.899,238.775,228.134,210.3,333457.0,274.848,320.88,68985.0,61734.0,250.99327628361857,192.3896783844428
2022-03-01,21903.85,15175.2,851.221,8404.103,-1132.084,3497.605,2362.172,287.467,16065.5,3.7,860000,6165000,491.2,4.862815,1.69,2.09,59.4,294.931,108.50260869565217,250.299,242.416,231.112,210.9,333610.0,278.588,321.689,69765.0,71744.0,250.4235645469295,223.02285748036147
2022-04-01,21919.222,15234.1,775.312,8902.328,-1111.239,3497.605,2433.713,288.582,16063.7,3.7,1066000,7147000,410.8,5.007681,1.83,1.96,65.2,301.553,101.7775,261.884,249.122,234.689,212.7,333792.0,281.629,323.559,69980.0,72983.0,248.48293322065553,225.56318940286005
2022-05-01,21919.222,15207.7,775.312,8902.328,-1111.239,3497.605,2433.713,291.299,16049.1,3.6,840000,5465000,421.5,5.007681,1.83,1.96,58.4,306.317,109.55238095238094,263.817,253.635,238.946,211.5,333976.0,285.414,325.952,70847.0,76191.0,248.22538487950837,233.7491409778127
2022-06-01,21919.222,15217.8,775.312,8902.328,-1111.239,3497.605,2433.713,295.072,16015.9,3.6,854000,5473000,370.5,5.007681,1.83,1.96,50.0,308.113,114.83714285714285,261.408,256.04,247.067,210.1,334168.0,288.583,329.033,71739.0,74338.0,248.59052681550887,225.9287062391918
2022-07-01,22066.784,15210.5,778.478,8985.644,-978.244,3497.605,2517.458,294.94,16219.1,3.5,1091000,6975000,593.2,5.003457,2.05,1.84,51.5,306.951,101.619,254.119,256.595,242.505,208.5,334393.0,292.287,331.342,71225.0,76605.0,243.68172378518375,231.19616589505708
2022-08-01,22066.784,15297.4,778.478,8985.644,-978.244,3497.605,2517.458,295.162,16314.4,3.6,866000,5676000,584.1,5.003457,2.05,1.84,58.2,303.532,93.66521739130435,246.943,256.454,247.153,205.3,334652.0,294.799,334.212,71601.0,75839.0,242.8807424719894,226.91884193266552
2022-09-01,22066.784,15324.8,778.478,8985.644,-978.244,3497.605,2517.458,296.421,16372.3,3.5,791000,5578000,600.9,5.003457,2.05,1.84,58.6,300.369,84.25809523809524,247.386,255.916,251.248,206.1,334912.0,296.302,337.369,72067.0,72252.0,243.22144298722247,214.16312702115485
2022-10-01,22249.459,15350.3,893.983,9287.529,-945.263,3497.605,2510.25,297.979,16424.3,3.6,1012000,7065000,615.0,5.133796,2.26,1.78,59.9,298.59,87.5547619047619,249.274,254.032,262.53,204.1,335155.0,297.943,340.532,72813.0,74826.0,244.3856710847377,219.73265361258268
2022-11-01,22249.459,15305.5,893.983,9287.529,-945.263,3497.605,2510.25,298.708,16436.5,3.6,843000,5839000,669.1,5.133796,2.26,1.78,56.7,296.777,84.37047619047618,261.427,256.049,259.741,207.8,335386.0,299.267,342.266,73118.0,69547.0,244.3236307377693,203.19576002290614
2022-12-01,22249.459,15316.2,893.983,9287.529,-945.263,3497.605,2510.25,298.808,16497.5,3.5,1040000,7828000,715.8,5.133796,2.26,1.78,59.8,294.268,76.43714285714286,260.716,254.159,255.255,209.0,335604.0,300.553,343.559,72969.0,75996.0,242.78247097849632,221.20218070258673
2023-01-01,22403.435,15524.8,769.193,9521.912,-926.041,3456.609,2522.456,300.456,16808.5,3.5,814000,6410000,841.4,5.019171,2.47,1.74,64.9,292.758,78.123,246.265,255.188,261.25,211.8,335807.0,301.853,345.677,72415.0,72819.0,239.9015414787993,210.65619060568102
2023-02-01,22403.435,15521.4,769.193,9521.912,-926.041,3456.609,2522.456,301.476,16879.1,3.6,860000,6575000,930.8,5.019171,2.47,1.74,66.9,293.55,76.83263157894737,242.129,252.191,263.912,214.6,336015.0,302.603,347.869,73258.0,70729.0,242.0927750220586,203.32079029749704
2023-03-01,22403.435,15484.4,769.193,9521.912,-926.041,3456.609,2522.456,301.643,16968.0,3.5,915000,6723000,1079.8,5.019171,2.47,1.74,62.0,297.474,73.27782608695652,241.473,254.266,267.35,212.4,336232.0,301.822,349.944,72847.0,80693.0,241.35748885104465,230.58832270306104
2023-04-01,22539.418,15536.7,808.258,9751.376,-929.624,3456.609,2491.635,302.858,16983.3,3.4,1083000,8568000,1017.1,5.083486,2.75,1.72,63.7,301.595,79.44631578947369,245.397,253.399,267.356,211.0,336451.0,301.806,351.237,72589.0,78295.0,240.51543044207207,222.91216472068714
2023-05-01,22539.418,15546.1,808.258,9751.376,-929.624,3456.609,2491.635,303.316,17041.9,3.6,905000,6897000,1055.2,5.083486,2.75,1.72,59.0,305.466,71.57818181818182,232.02,253.938,267.525,209.2,336679.0,302.072,352.892,72567.0,82643.0,240.23080590057998,234.1877968330254
2023-06-01,22539.418,15562.7,808.258,9751.376,-929.624,3456.609,2491.635,304.099,17050.3,3.6,1007000,7053000,1027.0,5.083486,2.75,1.72,64.2,308.426,70.24809523809525,235.74,253.425,271.036,208.9,336925.0,302.116,354.245,72416.0,82172.0,239.69601080379724,231.9637538991376
2023-07-01,22780.933,15631.6,890.678,9866.83,-938.924,3456.609,2521.467,304.615,17061.6,3.5,1174000,8902000,949.6,5.187933,2.94,1.72,71.5,310.348,76.0695,228.98,253.273,266.79,213.3,337200.0,302.757,354.862,72555.0,83701.0,239.647638204897,235.86915477002327
2023-08-01,22780.933,15634.7,890.678,9866.83,-938.924,3456.609,2521.467,306.138,17085.8,3.7,980000,7235000,972.8,5.187933,2.94,1.72,69.4,311.713,81.38608695652174,222.013,254.485,272.667,214.6,337501.0,303.506,356.083,73142.0,81920.0,240.99029343736206,230.0587222641912
2023-09-01,22780.933,15673.7,890.678,9866.83,-938.924,3456.609,2521.467,307.374,17101.1,3.8,1095000,9001000,906.3,5.187933,2.94,1.72,67.8,312.564,89.425,217.925,255.774,273.579,213.9,337800.0,303.382,357.488,73129.0,79055.0,241.0459420796224,221.14029002372106
2023-10-01,22960.6,15706.1,874.983,9791.775,-936.699,3456.609,2559.591,307.653,17152.8,3.9,841000,7251000,941.0,5.526198,3.1,1.7,63.8,312.91900000000004,85.63952380952381,211.503,255.302,273.994,213.0,338088.0,304.339,358.824,73164.0,80141.0,240.4029716861789,223.34347758232448
2023-11-01,22960.6,15774.0,874.983,9791.775,-936.699,3456.609,2559.591,308.087,17229.4,3.7,872000,7215000,965.8,5.526198,3.1,1.7,61.3,312.159,77.685,217.533,252.883,273.022,215.1,338366.0,304.154,360.383,73358.0,76758.0,241.1870302544106,212.99006889892144
2023-12-01,22960.6,15864.0,874.983,9791.775,-936.699,3456.609,2559.591,308.735,17267.4,3.8,1037000,8980000,919.9,5.526198,3.1,1.7,69.7,310.975,71.9,212.946,253.713,269.781,214.6,338626.0,304.517,361.564,73098.0,84971.0,240.04571173366347,235.00956953679017
2024-01-01,23053.545,15812.6,847.617,10018.987,-976.986,3640.014,2571.763,309.794,17426.2,3.7,840000,7101000,1173.5,5.445646,3.17,1.71,79.0,310.846,74.15238095238095,212.237,251.917,277.428,217.7,338867.0,305.421,363.249,72939.0,75023.0,238.8146198198552,206.53325955474068
2024-02-01,23053.545,15848.8,847.617,10018.987,-976.986,,2571.763,311.022,17442.4,3.9,843000,7165000,1146.2,5.445646,3.17,1.71,76.9,312.774,77.249,219.543,253.277,274.412,218.2,339114.0,305.58,363.596,72894.0,78674.0,238.5430983703122,216.3775179044874
2024-03-01,23053.545,15909.2,847.617,10018.987,-976.986,,2571.763,312.107,17486.9,3.9,1075000,8979000,1124.5,5.445646,3.17,1.71,79.4,316.957,81.27799999999999,223.099,255.445,279.014,222.0,339378.0,305.367,364.546,73333.0,86532.0,240.14710168420294,237.36922089393383
2024-04-01,23223.906,15908.3,943.344,10158.26,-1035.661,,2578.386,313.016,17464.9,3.9,841000,7126000,1098.1,5.38569,3.24,1.73,77.2,320.875,85.34727272727274,223.88,256.523,278.678,222.8,339648.0,305.298,365.813,73818.0,83201.0,241.78998879783032,227.44134298125
2024-05-01,23223.906,15985.9,943.344,10158.26,-1035.661,,2578.386,313.14,17511.1,4.0,888000,7191000,1054.6,5.38569,3.24,1.73,69.1,323.802,80.02454545454545,227.229,257.218,282.273,219.5,339927.0,305.283,367.099,73737.0,88733.0,241.53654150411256,241.7140880253011
2024-06-01,23223.906,16007.7,943.344,10158.26,-1035.661,,2578.386,313.131,17515.6,4.1,1178000,9221000,1030.6,5.38569,3.24,1.73,68.2,325.353,79.76736842105262,226.603,259.031,281.629,221.9,340213.0,305.661,368.616,73908.0,86442.0,241.79728522775233,234.50419949215444
2024-07-01,23400.294,16077.1,938.835,10387.702,-1069.229,,2638.199,313.566,17505.0,4.2,946000,7469000,931.9,5.478752,3.2,1.74,66.4,325.671,81.80045454545454,223.722,260.379,275.162,226.4,340448.0,305.996,369.383,74588.0,86750.0,243.7548203244487,234.8510895195502
2024-08-01,23400.294,16088.6,938.835,10387.702,-1069.229,,2638.199,314.131,17494.6,4.2,1154000,9280000,904.3,5.478752,3.2,1.74,67.9,325.117,76.68318181818182,218.139,260.139,273.987,225.9,340637.0,306.239,370.348,74216.0,88263.0,242.34666388017203,238.32449479948588
2024-09-01,23400.294,16173.4,938.835,10387.702,-1069.229,,2638.199,314.851,17519.6,4.1,900000,7341000,830.7,5.478752,3.2,1.74,70.1,324.742,70.236,218.698,261.715,275.649,226.6,340825.0,307.201,371.604,74930.0,81563.0,243.91196643240093,219.4890259523579
2024-10-01,23542.349,16194.7,808.793,10475.498,-1052.658,,2637.171,315.564,17586.3,4.1,945000,7488000,892.7,5.513042,3.08,1.77,70.5,324.061,71.985,215.173,260.666,278.592,225.2,341002.0,307.798,372.486,75141.0,84944.0,244.12439327091144,228.04615475480958
2024-11-01,23542.349,16267.2,808.793,10475.498,-1052.658,,2637.171,316.449,17618.0,4.2,1097000,9400000,845.6,5.513042,3.08,1.77,71.8,323.771,69.95,230.808,262.171,278.045,228.7,341169.0,308.881,373.53,74884.0,82774.0,242.43640754853814,221.59933606403771
2024-12-01,23542.349,16357.7,808.793,10475.498,-1052.658,,2637.171,317.603,17638.6,4.1,889000,7443000,765.1,5.513042,3.08,1.77,74.0,323.356,70.11809523809524,233.953,262.049,276.134,235.5,341320.0,309.754,374.644,75651.0,86161.0,244.22929163142362,229.9809952915301
2025-01-01,23512.717,16265.8,1073.762,10579.197,-1358.997,,2639.879,319.086,17647.9,4.0,854000,7461000,918.8,5.412189,3.05,1.78,71.7,323.647,75.74249999999999,239.58,263.053,291.471,236.0,341454.0,311.178,375.532,75837.0,79835.0,243.7093881958236,212.5917365231192
2025-02-01,,16249.6,,,,,,319.775,17702.9,4.1,904000,7439000,986.2,,,,64.7,325.094,71.53315789473685,253.382,265.896,293.097,236.1,341588.0,311.203,376.991,75997.0,78245.0,244.20394404938259,207.55137390547785
2025-03-01,,16360.1,,,,,,319.615,17814.8,4.2,1116000,9316000,985.1,,,,57.0,327.603,68.23904761904762,241.119,266.23,285.2,235.8,341729.0,312.713,378.363,75925.0,92223.0,242.7945112611244,243.74212066190404
2025-04-01,,16375.4,,,,,,320.321,17929.9,4.2,904000,7491000,1111.2,,,,52.2,329.608,63.53666666666667,235.267,267.368,291.601,235.5,341874.0,311.331,380.039,75968.0,88371.0,244.01039408218261,232.53139809335357
2025-05-01,,16330.0,,,,,,320.58,17806.5,4.2,1170000,9530000,1013.9,,,,52.2,,62.16761904761905,236.852,268.959,289.975,233.8,342032.0,312.158,381.228,75528.0,95640.0,241.95439488976734,250.87349302779438
2025-06-01,,,,,,,,321.5,,4.1,965000,7811000,,,,,,,68.16900000000001,236.954,270.911,288.447,231.9,,313.029,382.75,75918.0,,242.52705020940553,
2025-07-01,,,,,,,,,,,449000,1956000,,,,,,,68.42285714285714,,,,,,,,,,,
