date,GDP,Real Consumer Exp,Business Inv,Govt Expenditure,Net Exports,Imports,Exports,CPI,US Grocery Sales,US Food Service and Drinking Places,CPI (Food at Home),Real Disposable Income,Unemployment Rate,Initial Jobless Claims,Continued Jobless Claims,Personal Savings,Consumer Debt % DI,Credit Card Delinquency,Mortgage Delinquency,Oil Prices,Restaurant Sales,Avg Home Price,Consumer Sentiment,PPI Farm Products,PPI Final Food,PPI Food and Feed,PPI Finished Consumer Goods,PPI Food Manufacture,PPI Grocery,Retail Wages
2000-01-01,13878.147,,477.949,3074.397,-380.953,1733.056,1280.897,169.3,32239.0,24608.0,165.3,9799.9,4.0,1442000,10549000,324.2,5.978188,4.43,1.95,27.259473684210523,19529.0,100.0,112.0,95.9,,131.0,135.5,126.7,101.6,
2000-02-01,13878.147,,477.949,3074.397,-380.953,1733.056,1280.897,170.0,32567.0,24887.0,166.1,9837.9,4.1,1175000,8590000,289.4,5.978188,4.43,1.95,29.366000000000003,20158.0,100.571,111.3,97.5,,131.7,136.4,127.2,106.7,
2000-03-01,13878.147,,477.949,3074.397,-380.953,1733.056,1280.897,171.0,33117.0,25367.0,166.4,9864.0,4.0,1099000,8316000,276.5,5.978188,4.43,1.95,29.84173913043478,22082.0,101.466,107.1,100.6,,132.1,136.4,127.4,106.2,
2000-04-01,14130.908,,578.12,3129.768,-394.856,1733.056,1319.937,170.9,33541.0,25215.0,166.6,9913.7,3.8,1358000,10077000,311.7,6.078356,4.51,1.97,25.722105263157896,21836.0,102.541,109.2,101.6,,133.2,137.5,128.1,106.3,
2000-05-01,14130.908,,578.12,3129.768,-394.856,1733.056,1319.937,171.2,33221.0,25193.0,167.4,9954.5,4.0,1129000,7958000,314.7,6.078356,4.51,1.97,28.78818181818182,22364.0,103.702,110.7,103.7,,134.3,138.0,129.3,103.6,
2000-06-01,14130.908,,578.12,3129.768,-394.856,1733.056,1319.937,172.2,33644.0,25262.0,167.5,9982.3,4.0,1164000,8113000,318.9,6.078356,4.51,1.97,31.82227272727273,22510.0,104.856,106.4,100.1,,134.2,137.4,129.4,101.9,
2000-07-01,14145.312,,548.56,3152.254,-424.867,1733.056,1351.623,172.7,33479.0,25454.0,168.5,10035.9,4.0,1475000,10428000,347.9,6.201877,4.53,2.09,29.69684210526316,22983.0,105.722,108.3,97.3,,134.1,137.2,129.4,105.8,
2000-08-01,14145.312,,548.56,3152.254,-424.867,1733.056,1351.623,172.7,33554.0,25342.0,169.0,10098.3,4.1,1251000,8469000,354.7,6.201877,4.53,2.09,31.26391304347826,22724.0,106.522,107.3,94.6,,133.2,136.6,128.7,101.5,
2000-09-01,14145.312,,548.56,3152.254,-424.867,1733.056,1351.623,173.6,33729.0,25711.0,169.1,10110.3,3.9,1501000,10598000,306.4,6.201877,4.53,2.09,33.884,21790.0,107.136,106.8,98.0,,132.9,137.0,128.5,105.1,
2000-10-01,14229.765,,542.902,3210.083,-440.985,1733.056,1338.104,173.9,33867.0,25706.0,169.0,10139.2,3.9,1204000,8465000,327.0,6.345516,4.57,2.23,33.108636363636364,22051.0,107.729,105.8,100.3,,133.1,137.7,128.7,103.1,
2000-11-01,14229.765,,542.902,3210.083,-440.985,1733.056,1338.104,174.2,34071.0,25698.0,169.2,10143.5,3.9,1337000,8845000,323.2,6.345516,4.57,2.23,34.417142857142856,20967.0,108.292,107.6,101.5,,133.1,138.4,128.8,104.3,
2000-12-01,14229.765,,542.902,3210.083,-440.985,1733.056,1338.104,174.6,34558.0,25133.0,170.2,10164.3,3.9,1730000,11532000,307.2,6.345516,4.57,2.23,28.436500000000002,22104.0,108.792,98.4,103.4,,134.1,138.3,129.6,104.7,
2001-01-01,14183.12,,414.895,3280.819,-434.882,1690.4,1321.256,175.6,34229.0,26180.0,170.4,10211.7,4.2,1360000,9583000,344.7,6.454295,4.81,2.34,29.585714285714282,20613.0,109.215,94.7,104.5,,134.8,139.0,130.3,104.9,
2001-02-01,14183.12,,414.895,3280.819,-434.882,1690.4,1321.256,176.0,34602.0,26069.0,171.6,10223.4,4.2,1485000,9946000,350.7,6.454295,4.81,2.34,29.609473684210528,20547.0,109.643,90.6,103.6,,135.6,140.3,130.8,106.9,
2001-03-01,14183.12,,414.895,3280.819,-434.882,1690.4,1321.256,176.1,34477.0,26122.0,172.1,10254.4,4.3,1936000,12927000,380.1,6.454295,4.81,2.34,27.244545454545456,23239.0,110.394,91.5,107.3,,136.3,141.3,131.8,108.7,
2001-04-01,14271.694,,384.743,3358.217,-417.386,1690.4,1282.544,176.4,34727.0,26045.0,172.5,10233.1,4.4,1587000,10789000,369.3,6.595124,4.94,2.41,27.49,22217.0,111.248,88.4,106.0,,137.1,142.0,132.5,108.5,
2001-05-01,14271.694,,384.743,3358.217,-417.386,1690.4,1282.544,177.3,34781.0,26278.0,172.8,10214.7,4.3,1578000,11277000,327.9,6.595124,4.94,2.41,28.62909090909091,23460.0,112.203,92.0,106.8,,137.8,142.0,133.4,108.4,
2001-06-01,14271.694,,384.743,3358.217,-417.386,1690.4,1282.544,177.7,34866.0,26379.0,173.5,10218.1,4.5,1986000,14737000,327.7,6.595124,4.94,2.41,27.59904761904762,23725.0,113.273,92.6,105.9,,138.0,141.7,133.7,109.2,
2001-07-01,14214.516,,336.012,3377.367,-444.5,1690.4,1216.869,177.4,34792.0,26507.0,174.0,10370.7,4.6,1592000,12123000,426.4,6.563462,5.0,2.19,26.4247619047619,24019.0,114.227,92.4,105.0,,138.5,141.1,134.0,110.6,
2001-08-01,14214.516,,336.012,3377.367,-444.5,1690.4,1216.869,177.4,35043.0,26853.0,174.4,10543.1,4.9,1592000,12480000,517.4,6.563462,5.0,2.19,27.37391304347826,24531.0,114.989,91.5,105.5,,139.5,142.1,134.6,109.7,
2001-09-01,14214.516,,336.012,3377.367,-444.5,1690.4,1216.869,178.1,35152.0,26239.0,174.4,10452.8,5.0,2175000,16311000,539.5,6.563462,5.0,2.19,26.199473684210528,21899.0,115.465,81.8,105.3,,139.3,142.5,134.5,113.3,
2001-10-01,14253.574,,229.85,3436.53,-469.594,1690.4,1174.568,177.6,35270.0,26541.0,175.1,10267.7,5.3,1923000,14110000,225.2,6.743693,4.69,2.26,22.169565217391302,22504.0,115.681,82.7,101.2,,138.5,141.9,134.1,116.1,
2001-11-01,14253.574,,229.85,3436.53,-469.594,1690.4,1174.568,177.5,35414.0,26597.0,175.1,10279.7,5.5,1790000,14626000,262.3,6.743693,4.69,2.26,19.634999999999998,21946.0,115.838,83.9,97.3,,136.7,141.0,132.4,111.5,
2001-12-01,14253.574,,229.85,3436.53,-469.594,1690.4,1174.568,177.4,35208.0,27156.0,174.7,10298.9,5.7,2084000,17947000,286.6,6.743693,4.69,2.26,19.388947368421054,23934.0,116.055,88.8,96.6,,135.8,140.8,131.7,110.6,
2002-01-01,14372.785,,268.145,3508.647,-490.652,1752.428,1200.226,177.7,35130.0,27201.0,175.4,10514.7,5.7,1634000,14202000,441.6,6.63772,4.94,2.24,19.714761904761904,21704.0,116.437,93.0,99.9,,135.7,141.3,131.5,115.0,
2002-02-01,14372.785,,268.145,3508.647,-490.652,1752.428,1200.226,178.0,35114.0,27384.0,175.7,10531.6,5.7,1596000,14217000,429.0,6.63772,4.94,2.24,20.723684210526315,21637.0,116.916,90.7,101.8,,136.5,142.5,132.0,113.8,
2002-03-01,14372.785,,268.145,3508.647,-490.652,1752.428,1200.226,178.5,35160.0,27203.0,176.2,10539.0,5.7,2077000,18054000,440.3,6.63772,4.94,2.24,24.531,24344.0,117.929,95.7,104.4,,136.4,143.5,132.0,112.6,
2002-04-01,14460.848,,266.56,3554.587,-511.591,1752.428,1235.95,179.3,34827.0,27500.0,176.7,10574.2,5.9,1717000,14757000,431.9,6.579984,4.78,2.16,26.179090909090913,23605.0,119.209,93.0,94.3,,135.8,139.3,131.5,114.1,
2002-05-01,14460.848,,266.56,3554.587,-511.591,1752.428,1235.95,179.5,34941.0,27378.0,175.5,10616.5,5.8,1636000,14848000,495.0,6.579984,4.78,2.16,27.041363636363634,24811.0,120.788,96.9,96.6,,135.3,139.2,130.9,110.5,
2002-06-01,14460.848,,266.56,3554.587,-511.591,1752.428,1235.95,179.6,34933.0,27586.0,175.2,10648.2,5.8,1936000,18176000,497.4,6.579984,4.78,2.16,25.5185,24606.0,122.333,92.4,96.2,,135.6,139.7,131.3,112.7,
2002-07-01,14519.633,,253.738,3598.998,-529.887,1752.428,1239.872,180.0,35044.0,27616.0,175.3,10621.0,5.8,1544000,14017000,431.2,6.557459,4.89,2.1,26.966190476190473,24997.0,123.688,88.1,97.9,,136.2,139.7,131.5,111.8,
2002-08-01,14519.633,,253.738,3598.998,-529.887,1752.428,1239.872,180.5,34874.0,27607.0,175.1,10623.0,5.7,1968000,17584000,424.4,6.557459,4.89,2.1,28.385,25724.0,124.73,87.6,99.7,,136.0,139.1,131.3,113.3,
2002-09-01,14519.633,,253.738,3598.998,-529.887,1752.428,1239.872,180.8,34865.0,27784.0,175.4,10633.6,5.7,1638000,14220000,469.0,6.557459,4.89,2.1,29.6635,22920.0,125.495,86.1,99.8,,136.3,138.5,136.1,115.2,
2002-10-01,14537.58,,238.784,3681.871,-579.938,1752.428,1221.597,181.2,34990.0,27623.0,175.0,10661.8,5.7,1630000,14223000,459.5,6.499285,4.84,2.0,28.836521739130436,23567.0,126.138,80.6,99.1,,136.4,139.0,131.6,113.5,
2002-11-01,14537.58,,238.784,3681.871,-579.938,1752.428,1221.597,181.5,35157.0,27916.0,175.7,10690.9,5.9,1961000,17412000,462.2,6.499285,4.84,2.0,26.352105263157895,23141.0,126.643,84.2,99.1,,136.5,139.3,131.6,116.0,
2002-12-01,14537.58,,238.784,3681.871,-579.938,1752.428,1221.597,181.8,35257.0,28017.0,175.9,10719.9,6.0,1657000,13931000,437.7,6.499285,4.84,2.0,29.460952380952378,24436.0,127.151,86.7,99.1,,137.5,139.7,132.6,114.9,
2003-01-01,14614.141,,232.334,3744.177,-575.852,1842.231,1217.842,182.6,35669.0,28018.0,176.0,10710.4,5.8,1580000,13658000,435.8,6.482181,4.68,1.97,32.94714285714286,22599.0,127.652,82.4,104.1,,139.2,142.2,133.9,116.4,
2003-02-01,14614.141,,232.334,3744.177,-575.852,1842.231,1217.842,183.6,35570.0,27979.0,177.2,10674.0,5.9,1644000,13748000,433.3,6.482181,4.68,1.97,35.828421052631576,22103.0,128.326,79.9,104.6,,139.9,142.5,134.5,116.5,
2003-03-01,14614.141,,232.334,3744.177,-575.852,1842.231,1217.842,183.9,35549.0,28505.0,177.5,10696.5,5.9,2137000,17704000,408.0,6.482181,4.68,1.97,33.513333333333335,25193.0,129.308,77.6,104.0,,140.1,142.9,134.8,113.0,
2003-04-01,14743.567,,226.94,3808.76,-599.854,1842.231,1219.986,183.2,35638.0,28403.0,177.6,10752.7,6.0,1745000,14519000,413.0,6.446315,4.53,1.83,28.170476190476194,24445.0,130.488,86.0,105.6,,140.7,144.2,135.1,119.2,
2003-05-01,14743.567,,226.94,3808.76,-599.854,1842.231,1219.986,182.9,35225.0,29048.0,177.9,10832.0,6.1,2120000,18596000,448.2,6.446315,4.53,1.83,28.108571428571427,26711.0,131.84,92.1,109.2,,141.4,144.4,135.7,120.7,
2003-06-01,14743.567,,226.94,3808.76,-599.854,1842.231,1219.986,183.1,35676.0,29230.0,179.2,10860.6,6.3,1687000,14806000,429.3,6.446315,4.53,1.83,30.66238095238095,25877.0,133.225,89.7,107.3,,143.2,145.1,137.1,118.1,
2003-07-01,14988.782,,254.188,3839.406,-595.026,1842.231,1253.316,183.7,35957.0,29395.0,179.0,10991.1,6.2,1646000,14465000,500.5,6.359652,4.24,1.73,30.754545454545454,26690.0,134.64700000000002,90.9,105.5,,142.7,144.7,137.0,118.8,
2003-08-01,14988.782,,254.188,3839.406,-595.026,1842.231,1253.316,184.5,35890.0,29844.0,180.0,11066.7,6.1,2001000,17982000,491.9,6.359652,4.24,1.73,31.573809523809523,27552.0,135.965,89.3,109.0,,143.6,146.1,137.8,120.0,
2003-09-01,14988.782,,254.188,3839.406,-595.026,1842.231,1253.316,185.1,35918.0,29503.0,180.5,10940.8,6.1,1582000,14303000,417.4,6.359652,4.24,1.73,28.31142857142857,24320.0,137.076,87.7,116.1,,145.2,147.8,139.0,115.8,
2003-10-01,15162.76,,300.874,3869.703,-597.382,1842.231,1309.666,184.9,35763.0,30045.0,181.4,10982.3,6.0,1528000,13945000,431.4,6.371961,4.43,1.76,30.338260869565215,25781.0,137.976,89.6,124.4,,148.5,150.9,141.8,120.1,
2003-11-01,15162.76,,300.874,3869.703,-597.382,1842.231,1309.666,185.0,35679.0,30229.0,182.7,11048.4,5.8,1815000,16867000,437.4,6.371961,4.43,1.76,31.108333333333334,24780.0,138.766,93.7,123.7,,148.2,150.1,141.5,116.9,
2003-12-01,15162.76,,300.874,3869.703,-597.382,1842.231,1309.666,185.5,35808.0,29795.0,183.9,11057.2,5.7,1433000,13081000,432.7,6.371961,4.43,1.76,32.12904761904762,26062.0,139.628,92.6,124.3,,147.5,150.4,141.1,119.3,
2004-01-01,15248.68,,288.018,3947.702,-621.175,2044.535,1339.286,186.3,36402.0,30341.0,183.3,11051.2,5.7,1801000,15741000,404.1,6.368558,4.21,1.65,34.31,24839.0,140.705,103.8,117.4,,146.4,148.4,139.3,121.3,
2004-02-01,15248.68,,288.018,3947.702,-621.175,2044.535,1339.286,186.7,35890.0,30461.0,183.7,11071.0,5.6,1443000,12459000,405.1,6.368558,4.21,1.65,34.68473684210526,24952.0,142.02700000000002,94.4,120.4,,147.3,148.7,140.4,125.7,
2004-03-01,15248.68,,288.018,3947.702,-621.175,2044.535,1339.286,187.1,36365.0,30703.0,184.1,11115.6,5.8,1368000,12185000,397.3,6.368558,4.21,1.65,36.74130434782609,27054.0,144.079,95.8,129.1,,149.4,150.8,142.4,125.2,
2004-04-01,15366.85,,345.442,3982.852,-670.333,2044.535,1367.358,187.4,36312.0,30560.0,184.3,11153.3,5.6,1393000,12003000,430.7,6.307107,4.15,1.6,36.75,26738.0,146.18,94.2,129.6,,153.3,153.2,146.1,123.1,
2004-05-01,15366.85,,345.442,3982.852,-670.333,2044.535,1367.358,188.2,36528.0,30712.0,186.6,11208.9,5.6,1681000,14878000,432.0,6.307107,4.15,1.6,40.275,27839.0,148.336,90.2,135.1,,156.1,155.3,149.1,122.2,
2004-06-01,15366.85,,345.442,3982.852,-670.333,2044.535,1367.358,188.9,36508.0,30825.0,187.0,11215.8,5.6,1396000,11803000,479.7,6.307107,4.15,1.6,38.025238095238095,27258.0,150.52,95.6,129.7,,155.8,154.8,148.6,122.2,
2004-07-01,15512.619,,365.526,4050.203,-694.004,2044.535,1371.93,189.1,36526.0,31191.0,187.2,11240.5,5.5,1715000,14585000,426.2,6.329715,4.07,1.56,40.77809523809524,28982.0,152.338,96.7,124.4,,153.3,152.0,146.5,124.5,
2004-08-01,15512.619,,365.526,4050.203,-694.004,2044.535,1371.93,189.2,36680.0,31036.0,187.0,11274.6,5.4,1363000,11566000,420.9,6.329715,4.07,1.56,44.90318181818182,28076.0,153.815,95.9,119.0,,151.4,151.9,144.6,121.0,
2004-09-01,15512.619,,365.526,4050.203,-694.004,2044.535,1371.93,189.8,36951.0,31430.0,186.4,11279.6,5.4,1349000,11451000,369.8,6.329715,4.07,1.56,45.93571428571428,26179.0,155.109,94.2,118.7,,150.4,152.3,143.8,121.3,
2004-10-01,15670.88,,392.925,4093.92,-709.543,2044.535,1404.51,190.8,37078.0,31625.0,187.7,11282.5,5.5,1670000,13890000,352.5,6.258245,4.03,1.41,53.28047619047619,27517.0,156.3,91.7,119.2,,150.3,154.9,143.5,122.9,
2004-11-01,15670.88,,392.925,4093.92,-709.543,2044.535,1404.51,191.7,37286.0,31659.0,188.6,11246.1,5.4,1315000,10938000,306.4,6.258245,4.03,1.41,48.469,25829.0,157.498,92.8,118.0,,150.1,155.0,143.3,125.2,
2004-12-01,15670.88,,392.925,4093.92,-709.543,2044.535,1404.51,191.7,37423.0,32111.0,188.4,11659.0,5.4,1301000,10876000,580.1,6.258245,4.03,1.41,43.14952380952381,28321.0,158.671,97.1,118.4,,151.1,155.1,144.2,128.1,
2005-01-01,15844.727,,440.005,4201.029,-701.438,2177.25,1430.827,191.6,37628.0,32000.0,188.1,11226.5,5.3,1717000,13619000,247.1,7.303833,3.7,1.42,46.837,25914.0,160.131,95.5,118.8,,151.8,154.6,144.7,127.4,
2005-02-01,15844.727,,440.005,4201.029,-701.438,2177.25,1430.827,192.4,37553.0,32469.0,187.7,11229.0,5.4,1247000,10746000,210.6,7.303833,3.7,1.42,48.148947368421055,25934.0,161.925,94.1,117.6,,152.3,155.7,145.0,130.8,
2005-03-01,15844.727,,440.005,4201.029,-701.438,2177.25,1430.827,193.1,37645.0,32273.0,188.1,11268.8,5.2,1328000,10638000,230.2,7.303833,3.7,1.42,54.186818181818175,28566.0,164.577,92.6,123.0,,153.4,156.6,146.0,130.2,
2005-04-01,15922.782,,381.969,4240.85,-697.998,2177.25,1462.813,193.7,38049.0,32823.0,190.0,11304.2,5.2,1616000,13022000,195.4,7.239296,3.67,1.55,52.97904761904762,28911.0,167.00099999999998,87.7,120.7,,153.3,156.8,146.3,128.2,
2005-05-01,15922.782,,381.969,4240.85,-697.998,2177.25,1462.813,193.6,37908.0,32746.0,190.2,11352.7,5.1,1308000,10345000,243.6,7.239296,3.67,1.55,49.83380952380952,29547.0,169.546,86.9,121.5,,154.3,156.4,147.1,128.7,
2005-06-01,15922.782,,381.969,4240.85,-697.998,2177.25,1462.813,193.7,38143.0,33009.0,189.6,11375.5,5.0,1303000,10400000,181.9,7.239296,3.67,1.55,56.35227272727273,29239.0,172.017,96.0,118.3,,153.2,155.2,146.4,132.5,
2005-07-01,16047.587,,384.265,4375.914,-710.398,2177.25,1462.546,194.9,37960.0,33056.0,190.0,11387.1,5.0,1622000,12976000,128.9,7.258264,3.9,1.59,58.99550000000001,30593.0,174.09900000000002,96.5,116.3,,153.0,154.1,146.3,132.2,
2005-08-01,16047.587,,384.265,4375.914,-710.398,2177.25,1462.546,196.1,38320.0,33261.0,189.8,11405.3,4.9,1263000,10323000,183.6,7.258264,3.9,1.59,64.98521739130435,29898.0,175.924,89.1,114.5,,152.7,153.7,146.0,131.3,
2005-09-01,16047.587,,384.265,4375.914,-710.398,2177.25,1462.546,198.8,38577.0,33283.0,190.2,11365.2,5.0,1531000,10866000,189.1,7.258264,3.9,1.59,65.58666666666666,27866.0,177.612,76.9,116.8,,153.1,155.6,146.3,132.8,
2005-10-01,16136.734,,456.172,4393.619,-735.145,2177.25,1507.833,199.1,38559.0,33618.0,190.6,11428.7,5.0,1761000,14017000,216.2,7.306876,3.54,1.64,62.260000000000005,28912.0,178.753,74.2,115.7,,153.9,156.0,146.7,136.7,
2005-11-01,16136.734,,456.172,4393.619,-735.145,2177.25,1507.833,198.1,38508.0,34022.0,191.4,11500.1,5.0,1269000,10805000,246.3,7.306876,3.54,1.64,58.322500000000005,27582.0,179.675,81.6,117.5,,153.2,156.6,146.1,138.5,
2005-12-01,16136.734,,456.172,4393.619,-735.145,2177.25,1507.833,198.1,38847.0,33932.0,191.7,11535.2,4.9,1582000,13197000,237.2,7.306876,3.54,1.64,59.411904761904765,30191.0,180.108,91.5,121.1,,153.5,157.7,146.2,136.2,
2006-01-01,16353.835,,486.45,4456.559,-720.154,2317.035,1568.985,199.3,38254.0,34983.0,192.5,11651.8,4.7,1183000,10228000,290.9,7.090829,3.86,1.61,65.485,28260.0,180.828,91.2,117.4,,153.6,157.4,146.4,136.0,
2006-02-01,16353.835,,486.45,4456.559,-720.154,2317.035,1568.985,199.4,38889.0,34535.0,192.2,11702.8,4.8,1163000,10029000,310.5,7.090829,3.86,1.61,61.631052631578946,27378.0,181.5,86.7,111.9,,152.6,154.1,145.1,133.5,
2006-03-01,16353.835,,486.45,4456.559,-720.154,2317.035,1568.985,199.7,38866.0,34796.0,192.3,11747.5,4.7,1207000,9822000,328.2,7.090829,3.86,1.61,62.68521739130435,30970.0,182.749,88.9,111.0,,152.6,154.6,145.2,139.2,15.24
2006-04-01,16396.151,,491.531,4508.744,-713.842,2317.035,1598.092,200.7,38891.0,34862.0,191.8,11744.4,4.7,1518000,12005000,303.9,6.93645,4.13,1.62,69.44368421052631,30142.0,183.648,87.4,111.3,,152.2,155.3,144.1,135.4,15.24
2006-05-01,16396.151,,491.531,4508.744,-713.842,2317.035,1598.092,201.3,39242.0,34910.0,191.8,11736.8,4.6,1331000,9535000,284.4,6.93645,4.13,1.62,70.84409090909091,31104.0,184.38,79.1,109.8,,152.5,154.0,144.7,134.9,15.17
2006-06-01,16396.151,,491.531,4508.744,-713.842,2317.035,1598.092,201.8,39372.0,34695.0,192.4,11751.9,4.6,1222000,9634000,293.1,6.93645,4.13,1.62,70.9509090909091,30986.0,184.547,84.9,113.8,,153.8,155.9,146.4,134.1,15.24
2006-07-01,16420.738,,506.393,4557.261,-738.996,2317.035,1596.037,202.9,39411.0,34802.0,192.8,11746.9,4.7,1594000,12247000,233.7,7.028664,4.12,1.74,74.41105263157894,31548.0,184.607,84.7,115.5,,154.4,156.1,147.4,135.9,15.21
2006-08-01,16420.738,,506.393,4557.261,-738.996,2317.035,1596.037,203.8,39705.0,35367.0,193.4,11737.0,4.7,1257000,9865000,251.9,7.028664,4.12,1.74,73.04304347826087,31728.0,184.404,82.0,118.5,,153.7,158.1,147.5,137.1,15.14
2006-09-01,16420.738,,506.393,4557.261,-738.996,2317.035,1596.037,202.8,39356.0,35725.0,194.3,11800.1,4.5,1581000,12231000,240.0,7.028664,4.12,1.74,63.798,30094.0,184.198,85.4,120.3,,154.6,158.9,147.9,137.3,15.09
2006-10-01,16561.866,,475.912,4555.974,-675.46,2317.035,1656.573,201.9,40002.0,35784.0,194.8,11853.7,4.4,1262000,9785000,237.9,7.052577,3.95,1.92,58.89318181818182,30416.0,184.053,93.6,123.2,,154.3,158.7,147.6,137.4,15.1
2006-11-01,16561.866,,475.912,4555.974,-675.46,2317.035,1656.573,202.0,39989.0,35923.0,194.6,11901.9,4.5,1305000,9904000,272.9,7.052577,3.95,1.92,59.0825,29023.0,183.63,92.1,124.5,,155.5,158.3,149.0,135.4,15.08
2006-12-01,16561.866,,475.912,4555.974,-675.46,2317.035,1656.573,203.1,40153.0,36881.0,194.4,11958.6,4.4,1620000,12406000,264.0,7.052577,3.95,1.92,61.959,32631.0,183.229,91.7,127.0,,156.2,160.1,149.8,135.7,15.13
2007-01-01,16611.69,11181.0,470.942,4747.079,-676.588,2376.426,1689.392,203.437,40253.0,36435.0,195.918,11956.6,4.6,1269000,10097000,242.1,6.978163,3.98,2.08,54.50619047619048,29110.0,182.718,96.9,127.1,,158.2,161.4,151.6,136.2,15.12
2007-02-01,16611.69,11178.2,470.942,4747.079,-676.588,2376.426,1689.392,204.226,40646.0,36053.0,197.735,11996.0,4.5,1291000,10277000,283.0,6.978163,3.98,2.08,59.27894736842105,28557.0,182.471,91.3,137.5,,160.6,164.2,153.8,138.3,15.12
2007-03-01,16611.69,11190.7,470.942,4747.079,-676.588,2376.426,1689.392,205.288,40572.0,36579.0,198.816,12035.1,4.4,1547000,12595000,313.4,6.978163,3.98,2.08,60.441818181818185,32966.0,182.193,88.4,140.6,,162.4,166.2,155.8,139.5,15.1
2007-04-01,16713.314,11201.5,516.514,4792.841,-663.578,2376.426,1714.981,205.904,40416.0,36627.0,199.25,12052.8,4.5,1281000,9984000,309.7,6.916833,4.02,2.29,63.977,31229.0,182.131,87.1,141.3,,163.4,167.3,156.9,140.3,15.11
2007-05-01,16713.314,11218.0,516.514,4792.841,-663.578,2376.426,1714.981,206.755,40740.0,36732.0,200.237,12059.9,4.4,1217000,9791000,295.0,6.916833,4.02,2.29,63.45454545454545,32930.0,181.885,88.3,142.7,,164.8,166.1,158.7,142.4,15.08
2007-06-01,16713.314,11218.5,516.514,4792.841,-663.578,2376.426,1714.981,207.234,40870.0,37078.0,201.151,12053.3,4.6,1576000,12410000,284.1,6.916833,4.02,2.29,67.48904761904762,33151.0,181.54,85.3,141.8,,166.2,165.8,160.3,140.7,15.15
2007-07-01,16809.587,11252.6,525.852,4859.514,-623.292,2376.426,1768.587,207.603,41044.0,37272.0,201.596,12066.4,4.7,1253000,10169000,271.0,6.859151,4.41,2.72,74.11761904761904,33196.0,180.993,90.4,143.4,,166.2,166.4,160.4,141.2,15.08
2007-08-01,16809.587,11300.1,525.852,4859.514,-623.292,2376.426,1768.587,207.667,40954.0,37189.0,202.338,12070.9,4.6,1280000,10212000,235.3,6.859151,4.41,2.72,72.35608695652174,33725.0,180.234,83.4,140.4,,166.6,166.4,160.3,141.4,15.09
2007-09-01,16809.587,11309.6,525.852,4859.514,-623.292,2376.426,1768.587,208.547,41095.0,37427.0,203.3,12089.6,4.7,1567000,12686000,243.2,6.859151,4.41,2.72,79.91473684210526,30911.0,179.122,83.4,146.8,,167.5,168.2,160.8,140.3,15.1
2007-10-01,16915.191,11318.6,512.243,4934.382,-560.106,2376.426,1809.181,209.19,41379.0,37759.0,204.081,12080.4,4.7,1313000,10247000,228.0,6.894569,4.6,3.1,85.7986956521739,31744.0,177.52900000000002,80.9,148.2,,167.5,170.6,160.7,143.2,15.2
2007-11-01,16915.191,11342.2,512.243,4934.382,-560.106,2376.426,1809.181,210.834,41868.0,37727.0,205.119,12070.1,4.7,1344000,10467000,201.8,6.894569,4.6,3.1,94.77238095238096,30691.0,175.16099999999997,76.1,151.0,,168.0,170.5,161.4,143.5,15.16
2007-12-01,16915.191,11335.1,512.243,4934.382,-560.106,2376.426,1809.181,211.445,41998.0,38109.0,205.503,12120.5,5.0,1741000,13560000,254.4,6.894569,4.6,3.1,91.687,33296.0,173.33700000000002,75.5,159.6,,169.4,172.5,162.8,141.8,15.09
2008-01-01,16843.003,11333.2,453.905,4991.989,-540.148,2325.403,1838.024,212.174,42159.0,37824.0,207.1,12137.1,5.0,1355000,11195000,274.1,6.864136,4.77,3.68,92.97047619047619,30334.0,171.076,78.4,164.2,,172.7,174.9,165.8,147.6,15.09
2008-02-01,16843.003,11293.9,453.905,4991.989,-540.148,2325.403,1838.024,212.687,42016.0,37249.0,207.854,12141.8,4.9,1387000,11377000,320.1,6.864136,4.77,3.68,95.386,30854.0,169.19,70.8,164.4,,174.6,174.4,167.5,145.6,15.16
2008-03-01,16843.003,11322.1,453.905,4991.989,-540.148,2325.403,1838.024,213.448,42168.0,37552.0,208.093,12145.9,5.1,1817000,14564000,308.0,6.864136,4.77,3.68,105.454,33274.0,167.90200000000002,69.5,169.6,,176.9,176.3,169.8,145.0,15.14
2008-04-01,16943.291,11340.5,430.746,5366.788,-463.669,2325.403,1892.001,213.942,42584.0,37729.0,210.897,12100.8,5.0,1438000,11856000,254.4,6.702785,4.9,4.36,112.58045454545454,32299.0,167.321,62.6,166.7,,177.8,176.5,171.2,149.0,15.18
2008-05-01,16943.291,11361.6,430.746,5366.788,-463.669,2325.403,1892.001,215.208,42549.0,38089.0,211.8,12696.2,5.4,1834000,15068000,771.1,6.702785,4.9,4.36,125.39761904761905,34833.0,167.019,59.8,169.7,,180.8,177.9,174.0,150.0,15.23
2008-06-01,16943.291,11340.7,430.746,5366.788,-463.669,2325.403,1892.001,217.463,42683.0,38144.0,213.331,12376.6,5.6,1533000,12231000,511.8,6.702785,4.9,4.36,133.88,33284.0,166.53599999999997,56.4,176.2,,182.4,179.9,176.1,149.5,15.19
2008-07-01,16854.295,11286.0,389.049,5236.25,-442.378,2325.403,1883.563,219.016,42899.0,38267.0,216.028,12188.7,5.8,1592000,12705000,395.9,6.788641,4.8,5.28,133.3709090909091,34081.0,165.713,61.2,174.3,,187.0,181.3,180.3,151.7,15.21
2008-08-01,16854.295,11284.7,389.049,5236.25,-442.378,2325.403,1883.563,218.69,43063.0,38239.0,217.449,12120.6,6.1,2165000,16890000,334.8,6.788641,4.8,5.28,116.66619047619047,34746.0,164.27700000000002,63.0,164.7,,187.3,181.8,180.5,153.5,15.27
2008-09-01,16854.295,11209.7,389.049,5236.25,-442.378,2325.403,1883.563,218.877,42834.0,38386.0,218.757,12149.0,6.1,1856000,14087000,428.3,6.788641,4.8,5.28,104.11428571428571,31019.0,161.912,70.3,163.5,,185.9,181.4,179.2,151.6,15.25
2008-10-01,16485.35,11192.5,232.842,5452.409,-469.031,2325.403,1772.8,216.995,42768.0,38120.0,219.532,12240.5,6.5,1901000,14924000,533.1,6.895996,5.64,6.58,76.6086956521739,32543.0,159.162,57.6,145.3,,182.5,181.6,176.4,151.9,15.22
2008-11-01,16485.35,11158.2,232.842,5452.409,-469.031,2325.403,1772.8,213.153,42496.0,38018.0,219.662,12345.9,6.8,2599000,20483000,653.2,6.895996,5.64,6.58,57.30947368421053,31117.0,156.071,55.3,143.1,,180.0,180.9,173.4,156.2,15.25
2008-12-01,16485.35,11125.8,232.842,5452.409,-469.031,2325.403,1772.8,211.398,42136.0,38066.0,219.163,12288.8,7.3,2256000,18089000,633.0,6.895996,5.64,6.58,41.121818181818185,32664.0,152.54399999999998,60.1,133.9,,177.7,178.5,171.1,154.4,15.28
2009-01-01,16298.262,11176.3,-12.488,5533.429,-397.483,2031.762,1631.257,211.933,42771.0,38256.0,218.953,12361.5,7.8,2860000,24306000,646.6,6.861352,6.51,8.01,41.71,31486.0,149.361,61.2,136.4,,176.8,177.4,170.1,154.1,15.29
2009-02-01,16298.262,11130.5,-12.488,5533.429,-397.483,2031.762,1631.257,212.705,42101.0,37945.0,217.93,12241.9,8.3,2576000,21188000,581.6,6.861352,6.51,8.01,39.08736842105263,30307.0,147.61700000000002,56.3,132.8,,175.5,175.1,168.7,153.1,15.27
2009-03-01,16298.262,11084.6,-12.488,5533.429,-397.483,2031.762,1631.257,212.495,42069.0,37447.0,216.949,12242.7,8.7,2637000,23063000,621.0,6.861352,6.51,8.01,47.939090909090915,33287.0,146.514,57.3,130.6,,174.4,173.8,167.6,159.4,15.32
2009-04-01,16269.145,11068.0,-121.54,5680.717,-304.361,2031.762,1641.991,212.709,42288.0,37738.0,215.807,12320.0,9.0,2511000,24738000,706.0,6.70505,6.77,8.57,49.64666666666666,32410.0,146.942,65.1,136.8,,175.5,176.3,168.6,154.6,15.27
2009-05-01,16269.145,11078.1,-121.54,5680.717,-304.361,2031.762,1641.991,213.022,42300.0,37755.0,215.064,12500.1,9.4,3060000,32628000,859.0,6.70505,6.77,8.57,59.028499999999994,34642.0,148.16899999999998,68.7,137.8,,177.4,174.2,170.5,156.3,15.36
2009-06-01,16269.145,11081.1,-121.54,5680.717,-304.361,2031.762,1641.991,214.79,42530.0,37714.0,214.953,12273.2,9.5,2393000,26137000,664.5,6.70505,6.77,8.57,69.64090909090909,33019.0,149.796,70.8,142.1,,177.9,175.7,171.4,156.7,15.34
2009-07-01,16326.281,11118.1,-147.121,5641.212,-323.978,2031.762,1702.68,214.726,42480.0,37715.0,214.047,12218.7,9.5,2266000,24556000,584.9,6.679269,6.49,9.48,64.15227272727272,33932.0,150.748,66.0,131.6,,176.2,173.8,169.7,152.0,15.38
2009-08-01,16326.281,11218.0,-147.121,5641.212,-323.978,2031.762,1702.68,215.445,42401.0,37645.0,213.769,12194.8,9.6,2796000,30239000,475.7,6.679269,6.49,9.48,71.04476190476191,33681.0,150.668,65.7,130.1,,175.9,173.9,169.7,151.2,15.51
2009-09-01,16326.281,11114.6,-147.121,5641.212,-323.978,2031.762,1702.68,215.861,42691.0,37474.0,213.299,12230.6,9.8,2190000,23939000,597.0,6.679269,6.49,9.48,69.40809523809523,30801.0,149.628,73.5,126.8,,175.8,173.7,169.5,149.9,15.48
2009-10-01,16502.754,11127.1,5.526,5693.132,-328.833,2031.762,1796.464,216.509,42763.0,37500.0,213.472,12193.2,10.0,2627000,28828000,556.1,6.597484,6.33,10.4,75.71545454545455,32351.0,148.585,70.6,133.2,,175.3,175.9,168.3,146.5,15.39
2009-11-01,16502.754,11109.4,5.526,5693.132,-328.833,2031.762,1796.464,217.234,42808.0,37700.0,213.383,12224.4,9.9,1976000,21842000,605.7,6.597484,6.33,10.4,77.99,30383.0,147.94,67.4,135.5,100.3,176.0,176.9,169.1,145.8,15.43
2009-12-01,16502.754,11177.3,5.526,5693.132,-328.833,2031.762,1796.464,217.347,43192.0,37659.0,213.839,12280.2,9.9,1942000,20567000,601.2,6.597484,6.33,10.4,74.47,32427.0,146.666,72.5,141.5,101.9,177.9,179.3,171.2,145.1,15.46
2010-01-01,16582.71,11156.8,54.666,5804.973,-341.829,2295.263,1836.914,217.488,43028.0,37660.0,214.738,12285.8,9.8,2399000,24195000,624.2,6.375334,5.78,11.49,78.32578947368421,30952.0,145.003,74.4,142.5,102.0,178.9,180.0,172.2,144.5,15.47
2010-02-01,16582.71,11198.6,54.666,5804.973,-341.829,2295.263,1836.914,217.281,43735.0,38267.0,214.728,12292.0,9.8,1943000,19175000,591.8,6.375334,5.78,11.49,76.38736842105263,30536.0,143.054,73.6,142.3,102.3,179.3,181.2,172.4,151.1,15.48
2010-03-01,16582.71,11252.1,54.666,5804.973,-341.829,2295.263,1836.914,217.353,43304.0,38376.0,215.55,12340.3,9.9,1881000,18927000,589.6,6.375334,5.78,11.49,81.20347826086957,34162.0,143.596,73.6,150.3,104.7,179.5,185.6,172.6,148.8,15.53
2010-04-01,16743.162,11275.1,144.972,5872.568,-400.796,2295.263,1877.331,217.403,43186.0,38658.0,215.721,12447.1,9.9,1876000,18912000,670.4,6.139001,5.1,11.08,84.29285714285714,33799.0,145.40200000000002,72.2,149.1,104.0,180.4,184.3,173.6,146.5,15.59
2010-05-01,16743.162,11303.2,144.972,5872.568,-400.796,2295.263,1877.331,217.29,43224.0,38659.0,215.717,12540.3,9.6,2297000,23374000,730.5,6.139001,5.1,11.08,73.7435,35152.0,147.037,73.6,150.0,104.0,182.8,184.0,175.8,144.3,15.49
2010-06-01,16743.162,11330.6,144.972,5872.568,-400.796,2295.263,1877.331,217.199,42920.0,38877.0,215.476,12544.3,9.4,1842000,18333000,707.3,6.139001,5.1,11.08,75.3359090909091,34109.0,147.703,76.0,141.6,101.0,181.1,179.1,174.6,146.9,15.51
2010-07-01,16872.266,11361.7,255.321,5825.414,-426.795,2295.263,1930.963,217.605,43052.0,39033.0,215.451,12554.2,9.4,2296000,22643000,690.4,6.069181,4.58,10.65,76.31952380952382,35598.0,147.563,67.8,146.8,102.2,181.2,180.7,174.6,145.9,15.56
2010-08-01,16872.266,11389.2,255.321,5825.414,-426.795,2295.263,1930.963,217.923,43258.0,39440.0,215.361,12591.4,9.5,1900000,17845000,703.4,6.069181,4.58,10.65,76.59909090909092,34878.0,146.42700000000002,68.9,148.4,102.3,181.8,180.0,175.3,145.2,15.54
2010-09-01,16872.266,11399.9,255.321,5825.414,-426.795,2295.263,1930.963,218.275,43646.0,39345.0,216.166,12589.9,9.5,1814000,17871000,696.4,6.069181,4.58,10.65,75.24190476190476,32260.0,144.608,68.2,154.1,103.5,183.9,181.5,177.3,151.3,15.57
2010-10-01,16960.864,11428.9,234.113,5834.795,-382.601,2295.263,1983.824,219.035,43493.0,39479.0,216.534,12592.5,9.4,2234000,21817000,673.8,6.012881,4.14,10.32,81.89285714285714,34116.0,143.128,67.7,157.4,104.8,185.3,182.4,178.2,151.2,15.63
2010-11-01,16960.864,11458.0,234.113,5834.795,-382.601,2295.263,1983.824,219.59,44121.0,39710.0,217.105,12605.1,9.8,1705000,16782000,660.9,6.012881,4.14,10.32,84.25285714285714,32037.0,141.816,71.6,162.1,106.4,186.4,184.1,179.4,152.5,15.63
2010-12-01,16960.864,11473.2,234.113,5834.795,-382.601,2295.263,1983.824,220.472,44184.0,39469.0,217.419,12680.6,9.3,1681000,16400000,718.5,6.012881,4.14,10.32,89.14590909090909,34357.0,140.625,74.5,166.8,107.6,186.6,185.8,179.8,152.3,15.65
2011-01-01,16920.632,11486.0,184.548,5848.011,-377.139,2405.805,2000.839,221.187,44639.0,39700.0,219.251,12740.1,9.1,2134000,19592000,768.0,5.808322,3.82,10.37,89.1705,32237.0,139.032,74.2,173.3,108.6,187.9,187.2,181.1,154.5,15.71
2011-02-01,16920.632,11482.8,184.548,5848.011,-377.139,2405.805,2000.839,221.898,44961.0,40382.0,220.732,12776.6,9.0,1606000,15397000,808.8,5.808322,3.82,10.37,88.57842105263158,32452.0,137.727,77.5,189.8,112.7,191.3,193.9,184.6,156.1,15.72
2011-03-01,16920.632,11522.6,184.548,5848.011,-377.139,2405.805,2000.839,223.046,45068.0,40614.0,223.193,12742.7,9.0,1624000,15062000,744.4,5.808322,3.82,10.37,102.85652173913043,36502.0,137.781,67.5,185.1,111.9,194.5,193.5,187.8,155.8,15.71
2011-04-01,17035.114,11508.9,247.597,5906.473,-352.145,2405.805,2034.722,224.093,45769.0,40624.0,224.098,12721.3,9.1,2103000,18854000,738.9,5.680167,3.65,10.55,109.5325,35950.0,139.156,69.8,191.1,112.5,197.1,193.4,190.8,153.8,15.75
2011-05-01,17035.114,11495.6,247.597,5906.473,-352.145,2405.805,2034.722,224.806,45365.0,41050.0,225.295,12705.3,9.0,1690000,15095000,741.0,5.680167,3.65,10.55,100.90047619047618,37165.0,140.692,74.3,186.0,111.3,197.3,191.5,191.2,154.6,15.82
2011-06-01,17035.114,11522.3,247.597,5906.473,-352.145,2405.805,2034.722,224.806,45791.0,41499.0,225.857,12756.9,9.1,1673000,14967000,767.9,5.680167,3.65,10.55,96.26409090909091,36409.0,141.944,71.5,192.6,111.9,197.8,192.3,191.8,156.6,15.8
2011-07-01,17031.313,11542.3,245.333,5852.868,-350.615,2405.805,2062.73,225.395,45797.0,41516.0,227.178,12805.6,9.0,2063000,18608000,796.9,5.738914,3.45,10.5,97.3035,37789.0,142.342,63.7,188.4,112.3,199.4,193.7,193.4,155.4,15.96
2011-08-01,17031.313,11535.3,245.333,5852.868,-350.615,2405.805,2062.73,226.106,46034.0,41718.0,228.492,12799.7,9.0,1638000,14864000,798.9,5.738914,3.45,10.5,86.33304347826088,36986.0,141.784,55.8,192.2,113.5,201.6,195.2,195.5,160.7,15.83
2011-09-01,17031.313,11554.3,245.333,5852.868,-350.615,2405.805,2062.73,226.597,45887.0,42013.0,229.927,12781.7,9.0,1671000,14971000,761.9,5.738914,3.45,10.5,85.51523809523809,35130.0,140.165,59.5,190.3,114.3,202.4,196.4,196.4,159.5,15.8
2011-10-01,17222.583,11575.1,400.263,5879.568,-366.665,2405.805,2078.364,226.75,46001.0,42162.0,229.992,12791.9,8.8,2012000,18508000,750.4,5.694596,3.25,10.25,86.32238095238095,36144.0,138.405,60.8,183.5,113.4,200.3,195.8,194.4,158.2,15.94
2011-11-01,17222.583,11555.7,400.263,5879.568,-366.665,2405.805,2078.364,227.169,46138.0,42192.0,229.947,12782.7,8.6,1557000,14610000,764.7,5.694596,3.25,10.25,97.16047619047619,34057.0,136.66,63.7,186.7,114.4,200.6,197.5,194.8,157.8,16.02
2011-12-01,17222.583,11560.9,400.263,5879.568,-366.665,2405.805,2078.364,227.223,46078.0,41864.0,230.424,12898.5,8.5,1885000,17867000,873.6,5.694596,3.25,10.25,98.56285714285715,37307.0,135.162,69.9,181.3,113.5,200.0,196.7,194.2,156.3,16.03
2012-01-01,17367.01,11605.5,416.375,5835.721,-353.33,2464.708,2103.747,227.842,46248.0,42905.0,230.948,12967.5,8.3,1511000,13805000,901.0,5.431997,3.06,10.33,100.2735,34564.0,134.162,75.0,184.7,114.1,200.7,197.3,194.9,161.7,16.03
2012-02-01,17367.01,11675.8,416.375,5835.721,-353.33,2464.708,2103.747,228.329,46353.0,42950.0,230.612,13029.6,8.3,1453000,13527000,892.1,5.431997,3.06,10.33,102.204,35522.0,133.991,75.3,185.7,114.0,200.9,197.1,194.9,164.2,16.08
2012-03-01,17367.01,11660.5,416.375,5835.721,-353.33,2464.708,2103.747,228.807,46800.0,42942.0,231.051,13066.4,8.2,1833000,16684000,935.9,5.431997,3.06,10.33,106.15772727272729,39577.0,135.859,76.2,191.1,114.7,201.6,197.9,195.7,164.0,16.09
2012-04-01,17444.525,11671.4,459.453,5825.179,-341.752,2464.708,2124.46,229.187,46879.0,43365.0,231.397,13116.5,8.2,1527000,13292000,975.7,5.353787,2.92,10.45,103.321,37641.0,138.466,76.4,187.0,114.4,202.3,197.6,196.0,163.6,16.17
2012-05-01,17444.525,11672.0,459.453,5825.179,-341.752,2464.708,2124.46,228.713,46873.0,43313.0,231.32,13112.5,8.2,1494000,13312000,972.6,5.353787,2.92,10.45,94.65454545454546,39103.0,141.043,79.3,185.1,114.2,202.8,197.5,196.6,165.6,16.19
2012-06-01,17444.525,11659.9,459.453,5825.179,-341.752,2464.708,2124.46,228.524,46889.0,43542.0,231.713,13097.2,8.2,1896000,16622000,973.9,5.353787,2.92,10.45,82.30333333333333,38903.0,143.166,73.2,184.7,114.5,203.7,198.0,197.1,163.6,16.33
2012-07-01,17469.65,11684.4,437.988,5834.166,-341.978,2464.708,2137.473,228.59,46910.0,43719.0,231.658,12999.8,8.2,1490000,13223000,860.9,5.461709,2.82,10.48,87.8952380952381,38988.0,144.281,72.3,193.9,115.8,205.0,198.2,198.2,162.4,16.33
2012-08-01,17469.65,11686.7,437.988,5834.166,-341.978,2464.708,2137.473,229.918,47059.0,43712.0,231.853,12961.6,8.1,1493000,13225000,823.7,5.461709,2.82,10.48,94.13130434782609,39105.0,144.704,74.3,199.4,117.1,207.8,199.6,200.6,162.1,16.32
2012-09-01,17469.65,11703.2,437.988,5834.166,-341.978,2464.708,2137.473,231.015,47131.0,44085.0,231.789,13053.1,7.8,1909000,16572000,895.2,5.461709,2.82,10.48,94.51368421052632,36535.0,144.355,78.3,200.2,117.7,209.3,200.2,202.1,164.0,16.38
2012-10-01,17489.852,11702.3,394.421,5872.55,-316.566,2464.708,2139.526,231.638,47402.0,43752.0,232.398,13142.0,7.8,1474000,13105000,980.7,5.348754,2.71,10.03,89.4913043478261,37241.0,143.96200000000002,82.6,198.2,117.7,209.6,200.7,202.4,163.4,16.4
2012-11-01,17489.852,11753.4,394.421,5872.55,-316.566,2464.708,2139.526,231.249,47310.0,44520.0,232.883,13315.7,7.7,1605000,13305000,1098.7,5.348754,2.71,10.03,86.53142857142858,36533.0,143.953,82.7,199.8,118.5,209.8,202.7,202.6,165.0,16.35
2012-12-01,17489.852,11758.3,394.421,5872.55,-316.566,2464.708,2139.526,231.221,47142.0,44538.0,233.374,13642.7,7.9,1795000,15951000,1408.0,5.348754,2.71,10.03,87.8595,39456.0,143.86,72.9,200.0,118.0,208.8,201.7,201.7,164.9,16.48
2013-01-01,17662.4,11810.6,448.06,5834.315,-303.352,2494.605,2150.631,231.679,47236.0,45148.0,233.696,12845.5,8.0,1412000,12531000,601.9,5.486138,2.64,9.73,94.75666666666667,36475.0,144.305,73.8,202.7,119.2,207.5,204.3,200.6,166.2,16.51
2013-02-01,17662.4,11808.6,448.06,5834.315,-303.352,2494.605,2150.631,232.937,47729.0,44875.0,233.526,12813.9,7.7,1412000,12235000,575.6,5.486138,2.64,9.73,95.30894736842104,36051.0,145.157,77.6,197.5,118.0,207.6,202.6,200.6,169.1,16.52
2013-03-01,17662.4,11823.8,448.06,5834.315,-303.352,2494.605,2150.631,232.282,47625.0,45062.0,233.58,12852.1,7.5,1759000,15189000,592.6,5.486138,2.64,9.73,92.9385,41469.0,147.957,78.6,203.8,119.0,208.0,204.4,200.9,169.5,16.56
2013-04-01,17709.671,11826.4,445.5,5844.61,-319.485,2494.605,2170.131,231.797,47307.0,44730.0,233.776,12893.4,7.6,1389000,12166000,627.6,5.3884,2.53,9.32,92.02136363636363,39304.0,150.967,76.4,196.1,117.0,207.1,202.1,200.6,167.0,16.57
2013-05-01,17709.671,11860.1,445.5,5844.61,-319.485,2494.605,2170.131,231.893,47799.0,44825.0,233.184,12954.2,7.5,1391000,12049000,657.0,5.3884,2.53,9.32,94.50954545454546,41206.0,153.857,84.5,203.0,118.0,208.7,202.9,201.7,164.9,16.56
2013-06-01,17709.671,11857.7,445.5,5844.61,-319.485,2494.605,2170.131,232.445,47745.0,44712.0,233.809,12955.7,7.5,1723000,14964000,667.8,5.3884,2.53,9.32,95.77250000000001,39930.0,156.423,84.1,203.1,117.8,209.4,202.4,202.7,166.0,16.6
2013-07-01,17860.45,11872.3,524.555,5864.29,-318.791,2494.605,2188.712,232.9,48053.0,45020.0,233.893,12941.8,7.3,1384000,12081000,640.7,5.465767,2.44,8.66,104.67090909090908,40125.0,158.281,85.1,200.7,118.1,210.6,202.7,203.2,171.1,16.6
2013-08-01,17860.45,11890.3,524.555,5864.29,-318.791,2494.605,2188.712,233.456,48182.0,45167.0,234.073,12969.6,7.2,1667000,14672000,649.0,5.465767,2.44,8.66,106.57272727272726,41042.0,159.388,82.1,191.4,117.3,208.8,203.7,202.3,170.0,16.69
2013-09-01,17860.45,11926.1,524.555,5864.29,-318.791,2494.605,2188.712,233.544,48291.0,45352.0,234.04,13027.5,7.2,1256000,11583000,666.8,5.465767,2.44,8.66,106.2895,37387.0,159.668,77.5,188.0,117.1,209.4,202.9,202.4,171.8,16.65
2013-10-01,18016.147,11964.6,539.304,5868.976,-275.552,2494.605,2251.769,233.669,48444.0,45994.0,234.219,12974.6,7.2,1434000,11714000,580.6,5.581301,2.38,8.3,100.53826086956522,39295.0,159.554,73.2,186.3,117.4,208.1,204.2,201.0,173.0,16.67
2013-11-01,18016.147,12013.7,539.304,5868.976,-275.552,2494.605,2251.769,234.1,48492.0,46757.0,234.144,12998.9,6.9,1641000,14256000,559.0,5.581301,2.38,8.3,93.864,38973.0,159.364,75.1,186.0,117.5,207.2,204.6,200.3,168.4,16.68
2013-12-01,18016.147,12024.7,539.304,5868.976,-275.552,2494.605,2251.769,234.719,48938.0,46349.0,234.318,13019.1,6.7,1384000,11434000,569.8,5.581301,2.38,8.3,97.6252380952381,40667.0,159.281,82.5,184.8,117.5,207.6,204.6,200.7,167.2,16.64
2014-01-01,17953.974,11985.0,496.912,5904.306,-329.736,2623.351,2230.209,235.288,49128.0,45932.0,234.722,13079.5,6.6,1307000,11507000,661.2,5.501077,2.32,7.77,94.61714285714285,37597.0,159.368,81.2,188.6,118.5,209.3,206.0,201.4,168.3,16.73
2014-02-01,17953.974,12039.4,496.912,5904.306,-329.736,2623.351,2230.209,235.547,49211.0,46438.0,235.781,13148.0,6.7,1341000,11395000,670.5,5.501077,2.32,7.77,100.81736842105263,37362.0,159.869,81.6,191.5,119.0,210.1,207.0,202.3,171.7,16.81
2014-03-01,17953.974,12108.3,496.912,5904.306,-329.736,2623.351,2230.209,236.028,49195.0,47031.0,237.055,13219.9,6.7,1605000,13896000,671.9,5.501077,2.32,7.77,100.80380952380953,43237.0,161.185,80.0,204.1,120.5,212.9,209.4,205.9,170.9,16.88
2014-04-01,18185.911,12128.1,592.673,5972.949,-339.861,2623.351,2278.387,236.468,49591.0,47154.0,237.942,13270.2,6.2,1291000,10884000,701.2,5.398766,2.26,7.43,102.06904761904761,41476.0,162.964,84.1,211.0,123.3,218.2,213.6,210.9,174.8,16.94
2014-05-01,18185.911,12154.5,592.673,5972.949,-339.861,2623.351,2278.387,236.918,49770.0,47513.0,239.611,13312.9,6.3,1569000,13337000,718.7,5.398766,2.26,7.43,102.17714285714285,44415.0,164.678,81.9,208.8,122.2,217.8,211.8,211.0,177.7,16.97
2014-06-01,18185.911,12197.1,592.673,5972.949,-339.861,2623.351,2278.387,237.231,50096.0,47730.0,239.682,13360.4,6.1,1254000,10355000,725.5,5.398766,2.26,7.43,105.7942857142857,42120.0,166.207,82.5,205.5,122.1,218.7,212.5,211.8,179.2,17.0
2014-07-01,18406.941,12223.6,632.264,6043.884,-335.386,2623.351,2287.79,237.498,50369.0,48107.0,240.154,13386.8,6.2,1207000,10134000,723.0,5.416571,2.2,7.06,103.58863636363638,42995.0,167.13099999999997,81.8,199.3,122.1,219.9,214.4,212.9,177.2,17.03
2014-08-01,18406.941,12306.5,632.264,6043.884,-335.386,2623.351,2287.79,237.46,50507.0,48444.0,240.692,13445.9,6.1,1510000,12524000,695.8,5.416571,2.2,7.06,96.53619047619047,44086.0,167.446,82.5,191.3,121.7,219.8,213.9,212.9,176.1,17.04
2014-09-01,18406.941,12310.2,632.264,6043.884,-335.386,2623.351,2287.79,237.477,50727.0,49003.0,241.328,13486.3,5.9,1180000,9791000,726.1,5.416571,2.2,7.06,93.21190476190476,40450.0,167.236,84.6,193.1,121.8,220.2,214.0,212.6,175.7,17.05
2014-10-01,18500.031,12389.1,620.376,6077.435,-385.286,2623.351,2306.749,237.43,50941.0,49682.0,241.62,13550.7,5.7,1155000,9693000,707.1,5.485695,2.15,6.5,84.39695652173914,43124.0,166.90400000000002,86.9,191.5,122.4,218.6,216.0,211.8,181.3,17.08
2014-11-01,18500.031,12420.6,620.376,6077.435,-385.286,2623.351,2306.749,236.983,50964.0,49758.0,241.912,13624.4,5.8,1458000,12044000,744.4,5.485695,2.15,6.5,75.78947368421052,41392.0,166.65200000000002,88.8,196.1,122.6,217.0,215.6,210.0,179.4,17.17
2014-12-01,18500.031,12455.1,620.376,6077.435,-385.286,2623.351,2306.749,236.252,51141.0,50497.0,242.893,13719.1,5.6,1138000,9520000,798.7,5.485695,2.15,6.5,59.29045454545455,44769.0,166.454,93.6,187.9,122.6,215.3,216.0,208.5,179.8,17.03
2015-01-01,18666.621,12484.7,694.667,6108.636,-443.637,2759.524,2288.491,234.747,51235.0,50813.0,242.553,13797.7,5.7,1438000,11749000,835.6,5.440548,2.11,6.24,47.219,42328.0,166.24200000000002,98.1,180.7,121.7,213.0,214.6,205.1,182.4,17.3
2015-02-01,18666.621,12514.1,694.667,6108.636,-443.637,2759.524,2288.491,235.342,51322.0,50671.0,242.598,13848.0,5.5,1205000,9361000,858.9,5.440548,2.11,6.24,50.58421052631579,40869.0,166.623,95.4,173.2,119.6,210.3,211.5,202.5,183.6,17.33
2015-03-01,18666.621,12551.8,694.667,6108.636,-443.637,2759.524,2288.491,235.976,51273.0,51157.0,241.633,13811.3,5.4,1136000,9306000,790.5,5.440548,2.11,6.24,47.82363636363636,46920.0,168.081,93.0,175.5,118.6,209.2,210.0,201.8,180.9,17.27
2015-04-01,18782.243,12574.8,665.704,6059.634,-458.897,2759.524,2294.628,236.222,51136.0,51721.0,241.106,13842.0,5.4,1144000,9126000,793.7,5.46212,2.12,5.82,54.45285714285714,45691.0,169.965,95.9,175.8,117.6,208.4,208.5,201.2,181.4,17.36
2015-05-01,18782.243,12612.7,665.704,6059.634,-458.897,2759.524,2294.628,237.001,51191.0,51854.0,241.107,13865.6,5.6,1370000,11302000,777.4,5.46212,2.12,5.82,59.265,48714.0,171.84599999999998,90.7,179.0,118.3,210.5,209.8,202.6,186.0,17.39
2015-06-01,18782.243,12621.6,665.704,6059.634,-458.897,2759.524,2294.628,237.657,51404.0,51920.0,241.922,13874.1,5.3,1095000,9095000,772.9,5.46212,2.12,5.82,59.819545454545455,46060.0,173.446,96.1,181.6,118.6,211.6,210.5,204.6,186.6,17.42
2015-07-01,18857.418,12668.4,639.421,6226.8,-496.2,2759.524,2276.101,238.034,51572.0,52149.0,242.25,13905.7,5.2,1111000,8979000,757.3,5.552772,2.15,5.39,50.90090909090909,47018.0,174.491,93.1,178.9,118.3,211.0,208.9,203.5,186.0,17.49
2015-08-01,18857.418,12699.7,639.421,6226.8,-496.2,2759.524,2276.101,238.033,51526.0,52456.0,242.864,13935.8,5.1,1376000,11270000,756.5,5.552772,2.15,5.39,42.86761904761905,46831.0,174.93,91.9,178.2,118.6,210.9,210.2,203.5,185.9,17.54
2015-09-01,18857.418,12707.2,639.421,6226.8,-496.2,2759.524,2276.101,237.498,51419.0,52465.0,243.198,13972.2,5.0,1078000,8972000,784.3,5.552772,2.15,5.39,45.47952380952381,43585.0,175.03400000000002,87.2,170.7,118.3,209.0,209.7,201.4,187.4,17.65
2015-10-01,18892.206,12715.9,591.647,6247.224,-507.13,2759.524,2273.012,237.733,51280.0,52784.0,243.284,13996.9,5.0,1335000,11038000,796.9,5.712078,2.16,5.11,46.22363636363636,46476.0,175.03799999999998,90.0,167.1,117.5,207.3,208.0,199.5,189.5,17.68
2015-11-01,18892.206,12737.0,591.647,6247.224,-507.13,2759.524,2273.012,238.017,51596.0,52911.0,242.606,13993.4,5.1,1074000,8834000,770.5,5.712078,2.16,5.11,42.4435,43682.0,175.128,91.3,164.4,117.4,205.5,208.5,198.1,188.1,17.68
2015-12-01,18892.206,12777.3,591.647,6247.224,-507.13,2759.524,2273.012,237.761,51376.0,53776.0,241.88,14060.2,5.0,1084000,8815000,792.3,5.712078,2.16,5.11,37.18863636363636,47966.0,175.1,92.6,160.4,116.4,202.3,206.9,195.1,193.8,17.7
2016-01-01,19001.69,12798.7,528.095,6313.945,-510.318,2799.72,2266.512,237.652,51598.0,53071.0,241.558,14121.1,4.8,1398000,11038000,834.8,5.672469,2.15,4.79,31.683157894736844,44115.0,175.021,92.0,166.5,117.1,201.9,208.6,193.4,193.0,17.7
2016-02-01,19001.69,12884.0,528.095,6313.945,-510.318,2799.72,2266.512,237.336,51578.0,54151.0,241.741,14135.3,4.9,1067000,8802000,768.3,5.672469,2.15,4.79,30.323,45179.0,175.267,91.7,163.6,117.0,202.9,208.6,194.3,191.5,17.73
2016-03-01,19001.69,12836.1,528.095,6313.945,-510.318,2799.72,2266.512,238.08,51172.0,53940.0,240.414,14135.4,5.0,1053000,8669000,821.3,5.672469,2.15,4.79,37.54636363636364,49151.0,176.59099999999998,91.0,161.9,115.5,202.7,205.7,194.1,191.9,17.8
2016-04-01,19062.709,12870.2,499.232,6317.603,-496.323,2799.72,2284.053,238.992,51832.0,54261.0,240.341,14106.2,5.1,1330000,10745000,765.2,5.698551,2.21,4.58,40.7552380952381,48963.0,178.488,89.0,158.9,115.1,203.4,204.9,194.8,193.6,17.8
2016-05-01,19062.709,12891.2,499.232,6317.603,-496.323,2799.72,2284.053,239.557,51957.0,54311.0,239.348,14095.5,4.8,1098000,8679000,732.0,5.698551,2.21,4.58,46.712380952380954,49712.0,180.337,94.7,162.7,115.2,204.4,204.4,195.7,195.0,17.83
2016-06-01,19062.709,12948.6,499.232,6317.603,-496.323,2799.72,2284.053,240.222,52276.0,54303.0,238.763,14104.9,4.9,1061000,8627000,682.3,5.698551,2.21,4.58,48.75727272727273,47906.0,181.907,93.5,166.7,115.8,206.2,204.3,197.5,193.9,17.9
2016-07-01,19197.938,12972.2,491.415,6406.46,-479.531,2799.72,2321.136,240.101,51976.0,54334.0,238.38,14160.1,4.8,1297000,10673000,709.5,5.778718,2.29,4.38,44.6515,49407.0,183.008,90.0,160.8,115.3,205.8,204.8,197.3,193.8,17.86
2016-08-01,19197.938,12986.1,491.415,6406.46,-479.531,2799.72,2321.136,240.545,52212.0,54795.0,238.133,14176.7,4.9,1054000,8580000,714.4,5.778718,2.29,4.38,44.72434782608696,48499.0,183.645,89.8,152.9,113.9,204.4,202.5,196.2,191.7,17.88
2016-09-01,19197.938,13020.9,491.415,6406.46,-479.531,2799.72,2321.136,241.176,52510.0,55421.0,237.88,14209.1,5.0,1006000,8438000,716.0,5.778718,2.29,4.38,45.18238095238095,46245.0,183.933,91.2,149.2,114.8,204.3,204.3,196.1,192.5,17.9
2016-10-01,19304.352,13014.9,548.307,6454.322,-537.183,2799.72,2303.823,241.741,52818.0,55362.0,237.714,14235.4,4.9,1279000,10363000,745.1,5.880476,2.37,4.14,49.775238095238095,47842.0,184.006,87.2,140.7,113.8,202.5,202.6,194.6,191.7,17.95
2016-11-01,19304.352,13036.8,548.307,6454.322,-537.183,2799.72,2303.823,242.026,52834.0,56385.0,237.438,14273.6,4.7,983000,8179000,759.0,5.880476,2.37,4.14,45.66095238095238,46138.0,184.217,93.8,147.6,113.4,200.9,201.7,193.4,191.9,18.07
2016-12-01,19304.352,13128.5,548.307,6454.322,-537.183,2799.72,2303.823,242.637,53210.0,55415.0,237.147,14313.7,4.7,1261000,10242000,706.5,5.880476,2.37,4.14,51.9704761904762,50168.0,184.389,98.2,153.1,114.3,202.3,203.3,194.5,192.4,17.89
2017-01-01,19398.343,13136.3,505.484,6497.531,-525.099,2931.589,2359.904,243.618,53316.0,57359.0,237.072,14373.7,4.7,976000,8324000,762.6,5.74436,2.4,3.91,52.504,46469.0,184.642,98.5,156.1,114.7,202.6,203.7,195.2,193.2,17.97
2017-02-01,19398.343,13143.4,505.484,6497.531,-525.099,2931.589,2359.904,244.006,53687.0,57382.0,237.824,14416.8,4.6,921000,8239000,800.6,5.74436,2.4,3.91,53.46842105263158,45935.0,185.01,96.3,160.3,115.5,203.2,205.0,195.5,193.8,17.98
2017-03-01,19398.343,13201.7,505.484,6497.531,-525.099,2931.589,2359.904,243.892,54117.0,57280.0,238.387,14476.3,4.4,935000,8070000,803.7,5.74436,2.4,3.91,49.32782608695652,52500.0,186.518,96.9,162.8,116.3,204.7,207.0,196.7,195.4,18.01
2017-04-01,19506.949,13206.1,549.561,6527.353,-544.566,2931.589,2367.862,244.193,54199.0,57373.0,238.568,14509.3,4.4,1139000,9777000,827.3,5.787621,2.49,3.68,51.060526315789474,50879.0,188.531,97.0,165.5,117.6,205.1,209.7,197.2,195.9,18.03
2017-05-01,19506.949,13214.5,549.561,6527.353,-544.566,2931.589,2367.862,244.004,54318.0,57377.0,238.893,14610.7,4.4,956000,7585000,914.7,5.787621,2.49,3.68,48.47636363636364,52483.0,190.526,97.1,167.3,116.3,206.4,207.0,198.9,193.9,18.11
2017-06-01,19506.949,13256.7,549.561,6527.353,-544.566,2931.589,2367.862,244.163,54152.0,57291.0,238.494,14618.7,4.3,992000,7667000,874.2,5.787621,2.49,3.68,45.177727272727275,51654.0,192.252,95.0,167.6,116.7,208.8,207.7,201.3,194.2,18.13
2017-07-01,19660.766,13290.1,580.906,6635.02,-541.784,2931.589,2381.788,244.243,54139.0,57149.0,238.904,14660.2,4.3,1254000,9636000,882.1,5.841377,2.54,3.64,46.630526315789474,51813.0,193.496,93.4,169.4,117.2,207.7,207.8,200.3,193.1,18.18
2017-08-01,19660.766,13291.7,580.906,6635.02,-541.784,2931.589,2381.788,245.183,54430.0,57588.0,238.804,14678.3,4.4,991000,7694000,902.4,5.841377,2.54,3.64,48.03695652173913,51573.0,194.33,96.8,158.2,116.4,207.5,206.9,200.3,193.1,18.23
2017-09-01,19660.766,13364.4,580.906,6635.02,-541.784,2931.589,2381.788,246.435,55012.0,57907.0,238.852,14706.0,4.3,1362000,9464000,864.6,5.841377,2.54,3.64,49.822,49037.0,194.801,95.1,156.1,116.6,205.8,207.1,198.5,196.9,18.22
2017-10-01,19882.352,13377.0,605.796,6693.791,-561.864,2931.589,2443.487,246.626,55200.0,58287.0,239.02,14748.6,4.2,969000,7611000,887.7,5.87373,2.48,3.57,51.57772727272727,49998.0,195.068,100.7,156.3,116.8,205.1,207.8,198.0,194.9,18.24
2017-11-01,19882.352,13450.3,605.796,6693.791,-561.864,2931.589,2443.487,247.284,55239.0,58928.0,238.94,14771.1,4.2,991000,7854000,831.9,5.87373,2.48,3.57,56.63857142857143,48140.0,195.435,98.5,161.6,117.0,204.3,208.2,196.9,193.0,18.26
2017-12-01,19882.352,13555.4,605.796,6693.791,-561.864,2931.589,2443.487,247.805,55885.0,59280.0,239.371,14797.9,4.1,1213000,9855000,748.0,5.87373,2.48,3.57,57.8815,53647.0,195.832,95.9,160.5,116.8,203.9,208.0,196.6,190.3,18.28
2018-01-01,20044.077,13541.3,638.473,6788.117,-558.487,3049.962,2459.308,248.859,55336.0,59420.0,239.854,14886.6,4.0,941000,7918000,854.7,5.72051,2.5,3.48,63.698571428571434,47861.0,196.101,95.7,160.6,116.7,204.5,207.6,196.6,195.0,18.39
2018-02-01,20044.077,13547.3,638.473,6788.117,-558.487,3049.962,2459.308,249.529,55555.0,59687.0,239.187,14921.1,4.1,884000,7897000,885.2,5.72051,2.5,3.48,62.22947368421052,47608.0,196.891,99.7,162.3,116.0,205.1,206.0,197.2,199.8,18.42
2018-03-01,20044.077,13586.5,638.473,6788.117,-558.487,3049.962,2459.308,249.577,55716.0,60248.0,239.149,14974.8,4.0,1129000,9727000,900.8,5.72051,2.5,3.48,62.724761904761905,55373.0,198.558,101.4,169.1,118.2,207.4,209.9,198.9,199.9,18.46
2018-04-01,20150.476,13598.7,606.634,6899.997,-549.033,3049.962,2472.656,250.227,55859.0,59500.0,239.541,15007.2,4.0,886000,7510000,919.9,5.71408,2.5,3.22,66.25380952380952,52256.0,200.597,98.8,163.7,116.5,207.7,206.5,199.4,197.2,18.57
2018-05-01,20150.476,13640.5,606.634,6899.997,-549.033,3049.962,2472.656,250.792,55897.0,60839.0,238.884,15057.8,3.8,885000,7022000,927.3,5.71408,2.5,3.22,69.97818181818182,55979.0,202.43400000000003,98.0,167.9,117.0,208.6,207.3,201.1,202.4,18.69
2018-06-01,20150.476,13653.7,606.634,6899.997,-549.033,3049.962,2472.656,251.018,55696.0,61456.0,239.048,15119.3,4.0,1113000,8397000,972.6,5.71408,2.5,3.22,67.87333333333333,56133.0,204.026,98.2,166.2,115.6,207.8,205.0,200.2,201.5,18.63
2018-07-01,20276.154,13682.7,707.824,6987.389,-622.384,3049.962,2441.791,251.214,56057.0,62231.0,239.565,15184.7,3.8,838000,6616000,1004.3,5.706164,2.52,2.99,70.98142857142857,56410.0,204.935,97.9,161.0,115.8,206.5,206.4,198.8,199.2,18.74
2018-08-01,20276.154,13711.5,707.824,6987.389,-622.384,3049.962,2441.791,251.663,55937.0,62523.0,239.795,15238.6,3.8,834000,6456000,1027.5,5.706164,2.52,2.99,68.05565217391305,56602.0,205.313,96.2,152.7,115.3,205.5,204.9,197.7,202.0,18.86
2018-09-01,20276.154,13687.1,707.824,6987.389,-622.384,3049.962,2441.791,252.182,56177.0,61153.0,239.967,15237.5,3.7,1026000,7755000,1053.7,5.706164,2.52,2.99,70.2321052631579,51448.0,205.359,100.1,149.7,115.3,204.9,205.1,197.1,199.5,18.93
2018-10-01,20304.874,13727.1,703.69,7070.96,-644.254,3049.962,2451.936,252.772,56408.0,61698.0,239.558,15274.1,3.8,852000,6371000,1053.7,5.750987,2.54,2.83,70.74869565217391,52869.0,205.354,98.6,153.4,116.2,205.2,206.7,197.4,207.4,19.03
2018-11-01,20304.874,13800.3,703.69,7070.96,-644.254,3049.962,2451.936,252.594,56569.0,61431.0,240.227,15315.2,3.8,901000,6740000,1021.3,5.750987,2.54,2.83,56.963499999999996,50969.0,205.092,97.5,158.0,117.6,204.8,209.5,197.2,201.5,19.06
2018-12-01,20304.874,13682.3,703.69,7070.96,-644.254,3049.962,2451.936,252.767,56629.0,61360.0,241.137,15506.5,3.9,1123000,8748000,1338.9,5.750987,2.54,2.83,49.522777777777776,55109.0,204.681,98.3,165.9,120.1,205.6,214.0,198.0,198.3,19.23
2019-01-01,20431.641,13721.7,715.363,7216.717,-619.366,3085.859,2474.928,252.561,57470.0,61348.0,241.581,15536.3,4.0,891000,7118000,1332.5,5.658186,2.54,2.69,51.37571428571429,49904.0,204.182,91.2,161.7,118.2,206.2,210.7,198.3,198.2,19.32
2019-02-01,20431.641,13728.5,715.363,7216.717,-619.366,3085.859,2474.928,253.319,56351.0,61679.0,242.111,15560.4,3.8,890000,7206000,1353.7,5.658186,2.54,2.69,54.95473684210527,49623.0,204.406,93.8,160.6,117.9,206.7,210.0,198.8,204.5,19.39
2019-03-01,20431.641,13824.8,715.363,7216.717,-619.366,3085.859,2474.928,254.277,57446.0,62257.0,242.482,15566.5,3.8,1059000,8901000,1263.7,5.658186,2.54,2.69,58.151428571428575,57771.0,205.755,98.4,160.4,118.1,207.5,211.0,199.4,206.2,19.41
2019-04-01,20602.275,13825.9,717.868,7298.921,-649.034,3085.859,2462.392,255.233,57652.0,62731.0,241.219,15534.2,3.7,839000,6666000,1225.4,5.693595,2.59,2.6,63.862380952380946,55241.0,207.672,97.2,162.9,117.6,209.1,209.8,201.1,205.5,19.47
2019-05-01,20602.275,13877.1,717.868,7298.921,-649.034,3085.859,2462.392,255.296,57652.0,63406.0,241.642,15532.4,3.6,874000,6512000,1166.7,5.693595,2.59,2.6,60.82681818181818,59244.0,209.337,100.0,161.5,117.6,209.6,210.0,202.0,204.3,19.53
2019-06-01,20602.275,13924.1,717.868,7298.921,-649.034,3085.859,2462.392,255.213,57913.0,64307.0,241.214,15562.1,3.6,1126000,8155000,1142.3,5.693595,2.59,2.6,54.657500000000006,58479.0,210.571,98.2,165.8,118.3,209.7,210.4,202.2,204.7,19.65
2019-07-01,20843.322,13989.9,711.357,7393.724,-634.972,3085.859,2462.912,255.802,58604.0,65053.0,240.988,15581.4,3.7,834000,6524000,1093.5,5.749374,2.6,2.44,57.35809523809524,59033.0,211.321,98.4,164.2,118.9,209.5,211.1,202.0,202.7,19.72
2019-08-01,20843.322,14043.6,711.357,7393.724,-634.972,3085.859,2462.912,256.036,58671.0,65266.0,240.943,15664.3,3.6,1055000,8098000,1122.6,5.749374,2.6,2.44,54.80590909090909,59821.0,211.68,89.8,156.8,118.1,209.5,209.9,202.2,203.4,19.78
2019-09-01,20843.322,14066.2,711.357,7393.724,-634.972,3085.859,2462.912,256.43,58124.0,65958.0,241.409,15697.5,3.5,838000,6324000,1135.7,5.749374,2.6,2.44,56.947,54560.0,211.858,93.2,151.5,118.6,209.9,210.7,202.2,205.2,19.84
2019-10-01,20985.448,14067.2,627.364,7489.057,-561.926,3085.859,2477.908,257.155,57880.0,66430.0,241.999,15718.1,3.6,849000,6474000,1154.2,5.80925,2.61,2.34,53.96304347826087,56553.0,211.952,95.5,161.1,120.1,209.7,212.8,201.8,205.7,19.89
2019-11-01,20985.448,14142.8,627.364,7489.057,-561.926,3085.859,2477.908,257.879,58049.0,66533.0,242.726,15766.9,3.6,1122000,8426000,1127.6,5.80925,2.61,2.34,57.048947368421054,55186.0,212.091,96.8,165.6,121.7,211.1,216.4,203.2,206.5,19.96
2019-12-01,20985.448,14165.7,627.364,7489.057,-561.926,3085.859,2477.908,258.63,58537.0,67701.0,242.887,15683.8,3.6,944000,7078000,1020.1,5.80925,2.61,2.34,59.81666666666667,58634.0,212.223,99.3,166.3,121.6,211.1,216.3,203.0,205.0,20.05
2020-01-01,20693.238,14217.4,494.258,7547.32,-557.833,2808.766,2371.835,259.127,57885.0,68991.0,243.511,15857.3,3.6,862000,7201000,1160.7,5.673133,2.69,2.35,57.519047619047626,55069.0,212.385,99.8,169.5,121.0,210.7,215.0,202.4,209.4,20.12
2020-02-01,20693.238,14191.1,494.258,7547.32,-557.833,2808.766,2371.835,259.25,57922.0,68979.0,244.2,15916.8,3.5,1051000,8851000,1253.8,5.673133,2.69,2.35,50.54263157894737,56078.0,213.205,101.0,160.8,119.5,209.4,212.9,200.9,213.1,20.24
2020-03-01,20693.238,13249.3,494.258,7547.32,-557.833,2808.766,2371.835,258.076,74168.0,48480.0,245.017,15704.9,4.4,9341000,14839000,2032.2,5.673133,2.69,2.35,29.207727272727276,43236.0,215.179,89.1,157.5,119.2,209.3,212.5,201.0,217.3,20.43
2020-04-01,19056.617,11786.8,8.609,10844.54,-557.937,2808.766,1870.98,256.032,64097.0,31394.0,251.063,18030.2,14.8,18653000,68128000,5981.6,4.711226,2.45,2.54,16.547619047619047,28333.0,217.221,71.8,140.4,118.5,210.0,212.3,201.7,219.2,21.11
2020-05-01,19056.617,12755.2,8.609,10844.54,-557.937,2808.766,1870.98,255.802,64573.0,41252.0,253.23,17114.4,13.2,10867000,101632000,4047.3,4.711226,2.45,2.54,28.5625,40950.0,218.467,72.3,148.8,125.4,224.1,223.9,216.3,215.1,20.68
2020-06-01,19056.617,13473.5,8.609,10844.54,-557.937,2808.766,1870.98,257.042,63140.0,53159.0,254.674,17047.5,11.0,5961000,70714000,3260.5,4.711226,2.45,2.54,38.307272727272725,50011.0,219.794,78.1,151.4,119.3,212.7,213.6,204.4,208.9,20.58
2020-07-01,20548.793,13682.1,503.914,9810.056,-730.558,2808.766,2104.963,258.352,63546.0,55528.0,252.003,17195.8,10.2,5534000,66252000,3206.8,4.845571,1.99,2.83,40.710454545454546,52982.0,221.554,72.5,151.4,119.0,210.2,212.8,202.1,214.5,20.95
2020-08-01,20548.793,13783.9,503.914,9810.056,-730.558,2808.766,2104.963,259.316,62387.0,58180.0,252.148,16524.8,8.4,4612000,70067000,2406.2,4.845571,1.99,2.83,42.33904761904762,54384.0,224.036,74.1,149.0,118.4,209.6,211.7,201.5,216.1,21.12
2020-09-01,20548.793,13973.0,503.914,9810.056,-730.558,2808.766,2104.963,259.997,62303.0,59745.0,251.166,16616.5,7.8,3407000,47297000,2294.3,4.845571,1.99,2.83,39.63428571428571,52242.0,226.787,80.4,157.0,120.2,210.0,213.2,201.8,208.9,21.27
2020-10-01,20771.691,14013.4,550.615,8560.619,-807.391,2808.766,2233.569,260.319,61887.0,59566.0,251.641,16552.9,6.9,3977000,39357000,2193.9,4.996644,2.1,2.75,39.39590909090909,54660.0,229.797,81.8,169.9,121.7,211.8,215.5,203.2,213.8,21.08
2020-11-01,20771.691,13977.9,550.615,8560.619,-807.391,2808.766,2233.569,260.911,62798.0,57134.0,251.365,16350.6,6.7,3005000,23793000,2032.7,4.996644,2.1,2.75,40.93736842105263,48585.0,232.299,76.9,173.0,121.6,213.8,214.2,205.0,211.9,21.21
2020-12-01,20771.691,14032.9,550.615,8560.619,-807.391,2808.766,2233.569,262.045,62749.0,53767.0,252.536,16391.2,6.7,3347000,21538000,2038.0,4.996644,2.1,2.75,47.025,49382.0,234.348,80.7,166.3,121.1,212.8,213.0,204.6,208.8,21.32
2021-01-01,21058.379,14221.4,485.832,11186.668,-866.766,3220.838,2235.418,262.639,63472.0,58817.0,252.588,18146.5,6.4,4139000,24723000,3693.0,4.305925,1.88,2.68,52.008421052631576,50362.0,236.42,79.0,178.8,122.7,213.4,214.4,205.0,213.2,21.33
2021-02-01,21058.379,14078.8,485.832,11186.668,-866.766,3220.838,2235.418,263.573,63821.0,57289.0,252.945,16633.9,6.2,3020000,17727000,2239.0,4.305925,1.88,2.68,59.04631578947369,47552.0,239.2,76.8,182.5,124.8,217.1,218.2,208.6,213.1,21.22
2021-03-01,21058.379,14685.5,485.832,11186.668,-866.766,3220.838,2235.418,264.847,64006.0,65385.0,253.136,20445.8,6.1,2677000,15901000,5671.7,4.305925,1.88,2.68,62.333043478260876,61303.0,244.195,84.9,184.3,125.2,219.8,218.4,211.8,213.9,21.42
2021-04-01,21389.005,14791.6,390.742,9616.591,-911.456,3220.838,2253.207,266.625,64604.0,68285.0,254.204,17335.4,6.1,2356000,15152000,2236.0,4.66461,1.59,2.47,61.71666666666666,63009.0,249.801,88.3,192.8,127.0,225.2,221.2,217.7,216.7,21.6
2021-05-01,21389.005,14748.9,390.742,9616.591,-911.456,3220.838,2253.207,268.404,65195.0,70254.0,254.972,16836.3,5.8,2346000,18108000,1750.8,4.66461,1.59,2.47,65.1695,67905.0,255.424,82.9,211.7,130.9,231.1,225.5,223.9,211.2,21.8
2021-06-01,21389.005,14886.8,390.742,9616.591,-911.456,3220.838,2253.207,270.71,65814.0,73432.0,257.066,16757.8,5.9,1639000,13197000,1523.5,4.66461,1.59,2.47,71.37818181818182,67739.0,261.147,85.5,207.0,131.9,235.6,228.7,228.9,211.4,21.91
2021-07-01,21571.421,14851.6,518.726,9268.372,-971.966,3220.838,2258.262,271.965,65850.0,74830.0,258.4,16867.8,5.4,1850000,15054000,1688.1,4.738679,1.53,2.3,72.4852380952381,71423.0,265.482,81.2,201.463,130.953,232.37,227.105,225.335,210.333,21.94
2021-08-01,21571.421,14943.5,518.726,9268.372,-971.966,3220.838,2258.262,272.752,67509.0,74752.0,259.572,16832.4,5.1,1440000,11145000,1557.5,4.738679,1.53,2.3,67.73045454545455,68144.0,268.756,70.3,202.896,133.679,236.411,231.469,229.188,216.455,22.0
2021-09-01,21571.421,14977.9,518.726,9268.372,-971.966,3220.838,2258.262,273.942,67771.0,74803.0,262.346,16641.8,4.7,1422000,10892000,1315.7,4.738679,1.53,2.3,71.64619047619047,64166.0,271.407,72.8,197.868,135.949,239.343,236.516,231.889,217.862,22.13
2021-10-01,21960.388,15079.2,784.187,8877.427,-996.019,3220.838,2390.257,276.528,68142.0,75045.0,265.084,16648.1,4.5,1424000,11800000,1217.0,4.823878,1.57,2.29,81.47666666666666,67345.0,273.61400000000003,71.7,197.416,135.006,237.612,235.42,229.355,220.918,22.27
2021-11-01,21960.388,15113.7,784.187,8877.427,-996.019,3220.838,2390.257,278.824,68218.0,75600.0,267.315,16598.3,4.2,946000,7694000,1136.5,4.823878,1.57,2.29,79.14750000000001,63282.0,275.981,67.4,206.125,135.908,237.801,237.333,229.493,220.922,22.36
2021-12-01,21960.388,15067.9,784.187,8877.427,-996.019,3220.838,2390.257,280.806,68824.0,74367.0,268.962,16525.4,3.9,865000,6866000,1119.6,4.823878,1.57,2.29,71.71181818181819,67838.0,278.555,70.6,213.525,137.038,237.908,239.179,229.617,222.52,22.47
2022-01-01,21903.85,15093.0,851.221,8404.103,-1132.084,3497.605,2362.172,282.542,69283.0,72709.0,271.278,16143.2,4.0,1188000,8506000,663.3,4.862815,1.69,2.09,83.22200000000001,60692.0,281.932,67.2,220.224,139.242,241.889,242.783,234.274,230.005,22.58
2022-02-01,21903.85,15101.9,851.221,8404.103,-1132.084,3497.605,2362.172,284.525,69294.0,75913.0,274.848,16143.0,3.8,878000,6525000,657.7,4.862815,1.69,2.09,91.64105263157894,62392.0,287.152,62.8,230.899,142.345,246.227,247.87,238.775,228.134,22.63
2022-03-01,21903.85,15175.2,851.221,8404.103,-1132.084,3497.605,2362.172,287.467,70083.0,78255.0,278.588,16065.5,3.7,860000,6165000,491.2,4.862815,1.69,2.09,108.50260869565217,72505.0,294.95,59.4,250.299,145.302,250.367,251.934,242.416,231.112,22.82
2022-04-01,21919.222,15234.1,775.312,8902.328,-1111.239,3497.605,2433.713,288.582,70380.0,81104.0,281.629,16063.7,3.7,1066000,7147000,410.8,5.007681,1.83,1.96,101.7775,73758.0,301.573,65.2,261.884,147.771,256.578,256.171,249.122,234.689,22.78
2022-05-01,21919.222,15207.7,775.312,8902.328,-1111.239,3497.605,2433.713,291.299,71182.0,81758.0,285.414,16049.1,3.6,840000,5465000,421.5,5.007681,1.83,1.96,109.55238095238094,76988.0,306.338,58.4,263.817,149.01,259.935,258.715,253.635,238.946,22.83
2022-06-01,21919.222,15217.8,775.312,8902.328,-1111.239,3497.605,2433.713,295.072,71725.0,82342.0,288.583,16015.9,3.6,854000,5473000,370.5,5.007681,1.83,1.96,114.83714285714285,75107.0,308.136,50.0,261.408,148.766,261.688,257.852,256.04,247.067,22.89
2022-07-01,22066.784,15210.5,778.478,8985.644,-978.244,3497.605,2517.458,294.94,71705.0,82028.0,292.287,16219.1,3.5,1091000,6975000,593.2,5.003457,2.05,1.84,101.619,77388.0,306.978,51.5,254.119,150.658,261.656,263.357,256.595,242.505,23.07
2022-08-01,22066.784,15297.4,778.478,8985.644,-978.244,3497.605,2517.458,295.162,71934.0,84120.0,294.799,16314.4,3.6,866000,5676000,584.1,5.003457,2.05,1.84,93.66521739130435,76607.0,303.561,58.2,246.943,150.603,262.307,262.506,256.454,247.153,23.07
2022-09-01,22066.784,15324.8,778.478,8985.644,-978.244,3497.605,2517.458,296.421,72470.0,84418.0,296.302,16372.3,3.5,791000,5578000,600.9,5.003457,2.05,1.84,84.25809523809524,72982.0,300.396,58.6,247.386,152.14,262.053,265.166,255.916,251.248,23.11
2022-10-01,22249.459,15350.3,893.983,9287.529,-945.263,3497.605,2510.25,297.979,73214.0,85909.0,297.943,16424.3,3.6,1012000,7065000,615.0,5.133796,2.26,1.79,87.5547619047619,75597.0,298.61,59.9,249.274,152.298,260.317,266.322,254.032,262.53,23.28
2022-11-01,22249.459,15305.5,893.983,9287.529,-945.263,3497.605,2510.25,298.708,73438.0,85365.0,299.267,16436.5,3.6,843000,5839000,669.1,5.133796,2.26,1.79,84.37047619047618,70270.0,296.79400000000004,56.7,261.427,155.364,262.159,272.771,256.049,259.741,23.5
2022-12-01,22249.459,15316.2,893.983,9287.529,-945.263,3497.605,2510.25,298.808,73347.0,84985.0,300.553,16497.5,3.5,1040000,7828000,715.8,5.133796,2.26,1.79,76.43714285714286,76870.0,294.286,59.8,260.716,156.136,260.136,274.664,254.159,255.255,23.43
2023-01-01,22403.435,15524.8,769.193,9521.912,-926.041,3456.609,2522.456,300.456,72793.0,90330.0,301.853,16808.5,3.5,814000,6410000,841.4,5.019168,2.47,1.74,78.123,73657.0,292.777,64.9,246.265,154.926,262.314,272.42,255.188,261.25,23.54
2023-02-01,22403.435,15521.4,769.193,9521.912,-926.041,3456.609,2522.456,301.476,73572.0,88160.0,302.603,16879.1,3.6,860000,6575000,930.8,5.019168,2.47,1.74,76.83263157894737,71544.0,293.552,66.9,242.129,151.678,259.661,265.954,252.191,263.912,23.77
2023-03-01,22403.435,15484.4,769.193,9521.912,-926.041,3456.609,2522.456,301.643,73158.0,88461.0,301.822,16968.0,3.5,915000,6723000,1079.8,5.019168,2.47,1.74,73.27782608695652,81606.0,297.487,62.0,241.473,151.703,261.284,267.025,254.266,267.35,23.69
2023-04-01,22539.418,15536.7,808.258,9751.376,-929.624,3456.609,2491.635,302.858,72913.0,88736.0,301.806,16983.3,3.4,1083000,8568000,1017.1,5.083486,2.76,1.72,79.44631578947369,79214.0,301.611,63.7,245.397,151.552,260.061,266.771,253.399,267.356,23.82
2023-05-01,22539.418,15546.1,808.258,9751.376,-929.624,3456.609,2491.635,303.316,72807.0,89984.0,302.072,17041.9,3.6,905000,6897000,1055.2,5.083486,2.76,1.72,71.57818181818182,83589.0,305.485,59.0,232.02,149.926,260.651,264.095,253.938,267.525,23.79
2023-06-01,22539.418,15562.7,808.258,9751.376,-929.624,3456.609,2491.635,304.099,72732.0,90804.0,302.116,17050.3,3.6,1007000,7053000,1027.0,5.083486,2.76,1.72,70.24809523809525,83110.0,308.443,64.2,235.74,149.461,259.859,264.302,253.425,271.036,23.89
2023-07-01,22780.933,15631.6,890.678,9866.83,-938.924,3456.609,2521.467,304.615,72878.0,91371.0,302.757,17061.6,3.5,1174000,8902000,949.6,5.187931,2.94,1.72,76.0695,84722.0,310.36400000000003,71.5,228.98,149.591,259.429,263.785,253.273,266.79,23.94
2023-08-01,22780.933,15634.7,890.678,9866.83,-938.924,3456.609,2521.467,306.138,73463.0,92051.0,303.506,17085.8,3.7,980000,7235000,972.8,5.187931,2.94,1.72,81.38608695652174,82883.0,311.732,69.4,222.013,149.611,260.617,264.168,254.485,272.667,23.99
2023-09-01,22780.933,15673.7,890.678,9866.83,-938.924,3456.609,2521.467,307.374,73448.0,92979.0,303.382,17101.1,3.8,1095000,9001000,906.3,5.187931,2.94,1.72,89.425,79997.0,312.584,67.8,217.925,149.735,261.778,264.539,255.774,273.579,24.08
2023-10-01,22960.6,15706.1,874.983,9791.775,-936.699,3456.609,2559.591,307.653,73472.0,93195.0,304.339,17152.8,3.9,841000,7251000,941.0,5.526194,3.1,1.7,85.63952380952381,81092.0,312.944,63.8,211.503,149.372,261.355,264.128,255.302,273.994,24.02
2023-11-01,22960.6,15774.0,874.983,9791.775,-936.699,3456.609,2559.591,308.087,73656.0,94271.0,304.154,17229.4,3.7,872000,7215000,965.8,5.526194,3.1,1.7,77.685,77771.0,312.184,61.3,217.533,149.586,259.459,264.715,252.883,273.022,24.07
2023-12-01,22960.6,15864.0,874.983,9791.775,-936.699,3456.609,2559.591,308.735,73465.0,94618.0,304.517,17267.4,3.8,1037000,8980000,919.9,5.526194,3.1,1.7,71.9,85933.0,310.997,69.7,212.946,150.036,259.991,265.895,253.713,269.781,24.22
2024-01-01,23053.545,15812.6,847.617,10018.987,-976.986,3640.014,2571.763,309.794,73296.0,93195.0,305.421,17426.2,3.7,840000,7101000,1173.5,5.445635,3.17,1.71,74.15238095238095,75848.0,310.86,79.0,212.237,150.341,258.563,267.828,251.917,277.428,24.23
2024-02-01,23053.545,15848.8,847.617,10018.987,-976.986,,2571.763,311.022,73263.0,94096.0,305.58,17442.4,3.9,843000,7165000,1146.2,5.445635,3.17,1.71,77.249,79515.0,312.781,76.9,219.543,152.158,259.8,273.112,253.277,274.412,24.37
2024-03-01,23053.545,15909.2,847.617,10018.987,-976.986,,2571.763,312.107,73617.0,93678.0,305.367,17486.9,3.9,1075000,8979000,1124.5,5.445635,3.17,1.71,81.27799999999999,87407.0,316.965,79.4,223.099,152.073,261.938,272.416,255.445,279.014,24.34
2024-04-01,23223.906,15908.3,943.344,10158.26,-1035.661,,2578.386,313.016,74099.0,94223.0,305.298,17464.9,3.9,841000,7126000,1098.1,5.385672,3.24,1.73,85.34727272727274,83956.0,320.886,77.2,223.88,151.896,262.992,272.339,256.523,278.678,24.32
2024-05-01,23223.906,15985.9,943.344,10158.26,-1035.661,,2578.386,313.14,74024.0,94299.0,305.283,17511.1,4.0,888000,7191000,1054.6,5.385672,3.24,1.73,80.02454545454545,89624.0,323.814,69.1,227.229,151.452,263.673,270.696,257.218,282.273,24.44
2024-06-01,23223.906,16007.7,943.344,10158.26,-1035.661,,2578.386,313.131,74138.0,94364.0,305.661,17515.6,4.1,1178000,9221000,1030.6,5.385672,3.24,1.73,79.76736842105262,87201.0,325.362,68.2,226.603,151.813,265.221,272.122,259.031,281.629,24.43
2024-07-01,23400.294,16077.1,938.835,10387.702,-1069.229,,2638.199,313.566,74892.0,94891.0,305.996,17505.0,4.2,946000,7469000,931.9,5.478743,3.2,1.74,81.80045454545454,87472.0,325.677,66.4,223.722,152.17,266.343,272.765,260.379,275.162,24.45
2024-08-01,23400.294,16088.6,938.835,10387.702,-1069.229,,2638.199,314.131,74559.0,95503.0,306.239,17494.6,4.2,1154000,9280000,904.3,5.478743,3.2,1.74,76.68318181818182,89063.0,325.127,67.9,218.139,153.303,265.932,276.019,260.139,273.987,24.54
2024-09-01,23400.294,16173.4,938.835,10387.702,-1069.229,,2638.199,314.851,75140.0,96284.0,307.201,17519.6,4.1,900000,7341000,830.7,5.478743,3.2,1.74,70.236,82318.0,324.755,70.1,218.698,154.01,267.145,277.075,261.715,275.649,24.59
2024-10-01,23542.349,16194.7,808.793,10475.498,-1052.658,,2637.171,315.564,75403.0,97124.0,307.798,17568.5,4.1,945000,7488000,870.6,5.512139,3.08,1.77,71.985,85793.0,324.083,70.5,215.173,153.151,266.221,274.717,260.666,278.592,24.73
2024-11-01,,16267.2,,,,,,316.449,75235.0,97636.0,308.881,17592.4,4.2,1097000,9400000,813.8,,,,69.95,83506.0,323.784,71.8,230.808,156.413,267.942,281.591,262.259,278.045,24.93
2024-12-01,,16357.7,,,,,,317.603,75998.0,96977.0,309.754,17605.8,4.1,889000,7443000,724.1,,,,70.11809523809524,86965.0,323.328,74.0,233.953,156.882,267.841,282.533,262.148,276.134,24.86
2025-01-01,,16257.6,,,,,,319.086,76071.0,96985.0,311.178,17661.4,4.0,854000,7461000,946.5,,,,75.74249999999999,80656.0,323.538,71.7,239.58,158.403,268.671,285.526,262.996,291.471,24.97
2025-02-01,,16274.2,,,,,,319.775,76383.0,95491.0,311.203,17756.2,4.1,904000,7439000,1019.8,,,,71.53315789473685,,,64.7,255.073,161.114,270.742,291.156,266.417,292.345,25.01
2025-03-01,,,,,,,,,,,,,4.2,1116000,7482000,,,,,68.23904761904762,,,,,,,,,,25.18
